DATE,DATE_WEEK,DATE_MON,PGM_CODE,PGM_NAME,STIME,schedule_title,guestname,daily_corner,weekly_corner,dau_today,dau_pw,dau_wow,dau_yday,wau_today,wau_pw,mau_today,mau_pw,new_today,new_pw,new_wow,new_pct,react_today,react_pw,react_wow,react_pct,react_rate,react_rate_pw,react_rate_diff,churn_rate,churn_rate_pw,churn_diff,dau_1min,dau_10min,deep_rate,deep_rate_pw,deep_rate_diff,d1_ret,d1_ret_pw,d1_diff,d7_ret,d7_ret_pw,d7_diff,new_d1_ret,new_d1_ret_pw,new_d1_diff,new_d7_ret,new_d7_ret_pw,new_d7_diff,engage_rate,engage_rate_pw,engage_diff,habit_rate,habit_rate_pw,habit_diff,dau_week,dau_week_pw,dau_week_wow,new_week,new_week_pw,new_week_wow,new_week_pct,react_week,react_week_pw,react_week_wow,react_week_pct,react_rate_week,react_rate_week_pw,react_rate_week_diff,churn_week,churn_week_pw,churn_week_diff,wau_1min,wau_10min,deep_rate_week,deep_rate_week_pw,deep_rate_week_diff,w1_ret,w1_ret_pw,w1_diff,new_w1_ret,new_w1_ret_pw,new_w1_diff,engage_week,engage_week_pw,engage_week_diff,habit_week,habit_week_pw,habit_week_diff,dau_mon,dau_mon_pw,dau_mon_wow,new_mon,new_mon_pw,new_mon_wow,new_mon_pct,react_mon,react_mon_pw,react_mon_wow,react_mon_pct,react_rate_mon,react_rate_mon_pw,react_rate_mon_diff,churn_mon,churn_mon_pw,churn_mon_diff,mau_1min,mau_10min,deep_rate_mon,deep_rate_mon_pw,deep_rate_mon_diff,m1_ret,m1_ret_pw,m1_diff,new_m1_ret,new_m1_ret_pw,new_m1_diff,engage_mon,engage_mon_pw,engage_mon_diff,habit_mon,habit_mon_pw,habit_mon_diff,dau_week_avg,dau_mon_avg,wau_mon_avg
2026/04/21,2026/04/13,2026/03/01,F00,,,,,,,140638,143065,-1.7,,279622,279857,526008,524930,6309,6976,-9.6,4.5,24821,32765,-24.2,17.6,14.3,0,14.3,26.8,27.4,-0.6,435390,384727,88.4,88.3,0.1,68.06,67.53,0.5,64.77,63.59,1.2,,,,,,,2.3,2.7,-0.4,9.4,11.5,-2.1,283146,283695,-0.2,33955,35386,-4.0,12.0,,,,,,,,26.0,25.8,0.2,,,89.8,89.6,0.2,69.14,69.11,0.0,,,,4.4,4.3,0.1,5.6,4.7,0.9,527402,,,90724,,,17.2,,,,,,,,,,,,,87.9,,,80.69,,,,,,4.3,,,0.3,,,,,
2026/04/21,2026/04/13,2026/03/01,F01,딘딘의 뮤직하이,2300,딘딘의 뮤직하이,,"띵커바츄(1부), 사연과 신청곡",주워 들은 이야기,7014,7537,-6.9,,22239,22438,63262,63601,337,417,-19.2,4.8,555,1052,-47.2,7.9,2.8,0,2.8,8.7,8.7,0.0,46338,37529,81.0,81.0,0.0,43.51,43.62,-0.1,35.57,36.03,-0.5,,,,,,,1.7,2.0,-0.3,8.9,9.3,-0.4,22650,22796,-0.6,2279,2457,-7.2,10.1,,,,,,,,18.3,18.0,0.3,,,82.4,81.4,1.0,42.96,41.65,1.3,,,,2.1,2.1,0.0,3.6,2.2,1.4,64552,,,7041,,,10.9,,,,,,,,,,,,,80.4,,,59.64,,,,,,1.7,,,0.1,,,,,
2026/04/21,2026/04/13,2026/03/01,F02,애프터 클럽,0100,애프터클럽,DJ 미란이,,슬리피의 Are U Sleepy?,3677,3957,-7.1,,12498,12619,35467,35733,141,198,-28.8,3.8,127,233,-45.5,3.5,1.1,0,1.1,23.5,25.5,-2.0,26117,21693,83.1,83.1,0.0,39.31,38.74,0.6,35.05,36.79,-1.7,,,,,,,1.1,1.1,0.0,12.4,9.1,3.3,12575,12396,1.4,1100,1173,-6.2,8.7,,,,,,,,18.2,17.6,0.6,,,84.8,84.0,0.8,43.39,42.74,0.6,,,,1.4,1.5,-0.1,3.4,1.8,1.6,36981,,,3056,,,8.3,,,,,,,,,,,,,82.7,,,58.60,,,,,,1.0,,,0.0,,,,,
2026/04/21,2026/04/13,2026/03/01,F03,파워 스테이션,0300,파워 스테이션 ,,,,3485,3635,-4.1,,10530,10732,29544,29786,92,209,-56.0,2.6,150,256,-41.4,4.3,1.6,0,1.6,21.1,24.6,-3.5,22136,18594,84.0,83.8,0.2,44.83,40.86,4.0,40.61,42.76,-2.1,,,,,,,0.4,0.4,0.0,16.0,11.7,4.3,10929,10392,5.2,1006,858,17.2,9.2,,,,,,,,15.6,14.0,1.6,,,84.4,85.0,-0.6,45.48,44.31,1.2,,,,1.0,0.8,0.2,3.1,1.5,1.6,30312,,,2200,,,7.3,,,,,,,,,,,,,82.4,,,59.80,,,,,,0.6,,,0.0,,,,,
2026/04/21,2026/04/13,2026/03/01,F04,이인권의 펀펀투데이,0500,이인권의 펀펀투데이,,"사연과 신청곡(1부), 목동잉무새(1부), 상처엔 솔솔~잉데카솔(1부)","궁금한 이야기 에프(2부), Chat잉PT 작명소(3부)",19037,19326,-1.5,,42976,41676,91633,90507,284,447,-36.5,1.5,1401,1925,-27.2,7.4,4.6,0,4.6,14.8,14.5,0.3,72227,57708,79.9,79.6,0.3,61.34,60.68,0.7,58.13,59.03,-0.9,,,,,,,1.4,1.4,0.0,11.0,9.9,1.1,43746,41762,4.8,2166,1979,9.4,5.0,,,,,,,,10.6,10.5,0.1,,,78.7,78.7,0.0,61.85,60.72,1.1,,,,1.6,1.7,-0.1,3.5,1.8,1.7,89279,,,4664,,,5.2,,,,,,,,,,,,,75.7,,,74.33,,,,,,1.5,,,0.0,,,,,
2026/04/21,2026/04/13,2026/03/01,F05,김영철의 파워FM,0700,김영철의 파워FM,"정다은, 정상근, 피터 / 곽재식","오늘의 표현, 피터의 진짜 영국식 영어, 영철본색, 영철이가 쏜다! 빵야빵야!!, Cheer up 쏭~, 무식탈출 영철쇼, 사연과 신청곡","무식탈출 영철쇼-알고싶어요, 과학편의점",61364,61968,-1.0,,119923,117473,220219,219510,870,1358,-35.9,1.4,6171,8115,-24.0,10.1,8.6,0,8.6,18.3,18.4,-0.1,187076,159244,85.1,85.1,0.0,68.53,68.24,0.3,67.87,68.35,-0.5,,,,,,,1.8,2.5,-0.7,13.2,11.7,1.5,121876,118247,3.1,6707,6527,2.8,5.5,,,,,,,,13.4,13.3,0.1,,,86.2,86.7,-0.5,70.83,70.10,0.7,,,,4.4,3.4,1.0,4.7,3.4,1.3,220061,,,15015,,,6.8,,,,,,,,,,,,,83.4,,,79.72,,,,,,3.3,,,0.1,,,,,
2026/04/21,2026/04/13,2026/03/01,F06,아름다운 이 아침 봉태규입니다,0900,"아름다운 이 아침, 봉태규입니다",,"사연과 신청곡(1~2부), 사연의제목을입력하세요(1부)","오늘의 문자는 커피가 된다(2부), 유치봉짝(3~4부)",41369,42219,-2.0,,102624,102743,212724,215271,860,1265,-32.0,2.1,4389,6182,-29.0,10.6,5.9,0,5.9,19.0,18.6,0.4,178210,153487,86.1,85.8,0.3,60.17,60.52,-0.4,58.36,58.67,-0.3,,,,,,,0.8,1.3,-0.5,19.1,12.4,6.7,100838,100442,0.4,6100,6701,-9.0,6.0,,,,,,,,14.5,14.6,-0.1,,,86.7,86.6,0.1,62.35,61.87,0.5,,,,1.8,2.0,-0.2,5.5,2.7,2.8,218497,,,15309,,,7.0,,,,,,,,,,,,,84.8,,,76.73,,,,,,1.9,,,0.1,,,,,
2026/04/21,2026/04/13,2026/03/01,F07,박하선의 씨네타운,1100,박하선의 씨네타운,,,꼬꼬무,27740,28896,-4.0,,71493,72237,161703,162473,637,939,-32.2,2.3,2514,3848,-34.7,9.1,4.7,0,4.7,16.8,16.6,0.2,135322,113429,83.8,83.9,-0.1,58.30,58.50,-0.2,55.92,56.72,-0.8,,,,,,,0.5,0.7,-0.2,21.9,8.6,13.3,70808,70832,0.0,4446,4902,-9.3,6.3,,,,,,,,13.9,14.0,-0.1,,,85.0,85.0,0.0,58.15,57.52,0.6,,,,1.2,1.2,0.0,5.9,2.5,3.4,166013,,,10397,,,6.3,,,,,,,,,,,,,82.9,,,72.48,,,,,,1.0,,,0.1,,,,,
2026/04/21,2026/04/13,2026/03/01,F08,12시엔 주현영,1200,12시엔 주현영,"조현영, 정규민","별다뉴(4부), 시크릿 주주(1부), 사연과 신청곡","환장 연애(2~3부), 주퀴즈 오예스(4부)",35441,35961,-1.4,,89028,89541,205018,206445,1024,1370,-25.3,2.9,3567,5457,-34.6,10.1,5.3,0,5.3,19.3,19.0,0.3,166847,137188,82.2,82.2,0.0,57.38,56.81,0.6,54.34,52.52,1.8,,,,,,,0.8,1.0,-0.2,18.0,13.0,5.0,89567,89983,-0.5,6385,7063,-9.6,7.1,,,,,,,,16.2,16.7,-0.5,,,83.0,82.5,0.5,57.21,56.78,0.4,,,,1.4,1.5,-0.1,5.2,2.3,2.9,211013,,,17086,,,8.1,,,,,,,,,,,,,80.8,,,73.17,,,,,,1.3,,,0.1,,,,,
2026/04/21,2026/04/13,2026/03/01,F09,두시탈출 컬투쇼,1400,두시탈출 컬투쇼,"DJ 뮤지 / B1A4, KISS OF LIFE","모시는 사연, 사연과 신청곡","특선 라이브(3부~4부), 소리질러(1부), 컬투작명소(2부)",44403,45570,-2.6,,108534,108407,242800,243209,1625,2139,-24.0,3.7,5713,8505,-32.8,12.9,7.0,0,7.0,22.6,23.0,-0.4,212194,184403,86.9,86.9,0.0,57.89,57.42,0.5,54.57,51.83,2.7,,,,,,,1.1,1.1,0.0,15.1,13.0,2.1,109958,112014,-1.8,9345,10083,-7.3,8.5,,,,,,,,20.4,20.2,0.2,,,88.1,87.2,0.9,58.67,58.92,-0.2,,,,1.9,2.0,-0.1,4.9,3.2,1.7,243807,,,24501,,,10.0,,,,,,,,,,,,,86.6,,,75.04,,,,,,2.2,,,0.1,,,,,
2026/04/21,2026/04/13,2026/03/01,F10,황제파워,1600,황제성의 황제파워,,,,40093,41411,-3.2,,97020,98259,210024,210176,1069,1419,-24.7,2.7,4329,6397,-32.3,10.8,6.0,0,6.0,18.1,19.9,-1.8,177391,150165,84.7,84.8,-0.1,57.68,55.74,1.9,53.72,53.20,0.5,,,,,,,1.4,1.9,-0.5,15.9,12.8,3.1,100232,98570,1.7,6972,7102,-1.8,7.0,,,,,,,,14.8,15.1,-0.3,,,84.6,84.9,-0.3,61.09,60.47,0.6,,,,2.6,2.5,0.1,5.1,2.9,2.2,210984,,,17346,,,8.2,,,,,,,,,,,,,84.0,,,74.77,,,,,,2.6,,,0.1,,,,,
2026/04/21,2026/04/13,2026/03/01,F11,박소현의 러브게임,1800,박소현의 러브게임,,,뮤직큐,28868,30072,-4.0,,73052,72523,164921,165170,793,1024,-22.6,2.7,3131,4853,-35.5,10.8,5.5,0,5.5,18.9,19.1,-0.2,137309,114582,83.4,83.6,-0.2,50.82,51.06,-0.2,46.87,47.93,-1.1,,,,,,,1.3,1.5,-0.2,11.0,9.5,1.5,75648,74199,2.0,5119,5354,-4.4,6.8,,,,,,,,14.3,14.3,0.0,,,82.8,83.1,-0.3,58.69,58.04,0.6,,,,1.7,1.9,-0.2,4.3,2.6,1.7,166988,,,12870,,,7.7,,,,,,,,,,,,,82.4,,,74.18,,,,,,1.8,,,0.1,,,,,
2026/04/21,2026/04/13,2026/03/01,F12,웬디의 영스트리트,2000,웬디의 영스트리트,엑스디너리 히어로즈,"사연과 신청곡(1부), Talk To Me(1부), 영스 랩스(4부), 영스 맵스(4부)",영스엔 웬일이야(2~3부),14880,13987,6.4,,42451,42189,119325,118489,1983,678,192.5,13.3,1230,2156,-42.9,8.3,3.2,0,3.2,21.0,20.8,0.2,89379,70037,78.4,78.5,-0.1,39.25,39.26,0.0,34.77,33.09,1.7,,,,,,,2.0,2.1,-0.1,7.0,8.0,-1.0,43682,43907,-0.5,3600,4971,-27.6,8.2,,,,,,,,18.6,18.1,0.5,,,77.3,77.5,-0.2,44.94,43.90,1.0,,,,2.2,3.1,-0.9,3.2,1.3,1.9,122293,,,13060,,,10.7,,,,,,,,,,,,,77.2,,,65.19,,,,,,1.7,,,0.1,,,,,
2026/04/21,2026/04/13,2026/03/01,F13,배성재의 텐,2200,배성재의 텐,김지영,"오,좋네 상담소, N들이 사는 세상, 티끌 논쟁",대강 결정해드립니다,6900,7276,-5.2,,23278,23225,68390,68482,350,376,-6.9,5.1,551,987,-44.2,8.0,2.6,0,2.6,18.5,18.3,0.2,49413,38627,78.2,78.3,-0.1,37.55,38.25,-0.7,32.04,31.47,0.6,,,,,,,1.0,1.2,-0.2,9.8,6.7,3.1,23577,23803,-0.9,2038,2088,-2.4,8.6,,,,,,,,16.7,16.2,0.5,,,78.6,78.6,0.0,40.73,39.92,0.8,,,,1.6,1.8,-0.2,2.9,1.6,1.3,68560,,,6049,,,8.8,,,,,,,,,,,,,77.0,,,59.60,,,,,,1.4,,,0.1,,,,,
2026/04/21,2026/04/13,2026/03/01,G00,,,,,,,21449,23140,-7.3,,66660,68505,190913,193332,1035,1565,-33.9,4.8,3132,4888,-35.9,14.6,5.4,0,5.4,30.0,30.4,-0.4,95349,72726,76.3,76.4,-0.1,44.51,44.32,0.2,39.25,37.55,1.7,,,,,,,0.3,0.3,0.0,0.0,1.5,-1.5,68784,70346,-2.2,8492,9461,-10.2,12.3,,,,,,,,24.2,23.7,0.5,,,77.7,77.6,0.1,46.13,43.45,2.7,,,,0.6,0.7,-0.1,1.0,1.0,0.0,195873,,,28223,,,14.4,,,,,,,,,,,,,75.9,,,66.86,,,,,,0.4,,,0.1,,,,,
2026/04/21,2026/04/13,2026/03/01,L00,,,,,,,114381,116131,-1.5,,242778,244339,466002,464169,4132,5421,-23.8,3.6,20978,28299,-25.9,18.3,13.1,0,13.1,28.4,28.3,0.1,285513,219166,76.8,76.9,-0.1,62.48,62.76,-0.3,59.37,57.93,1.4,,,,,,,2.5,2.6,-0.1,4.1,6.2,-2.1,245819,248210,-1.0,27159,29435,-7.7,11.0,,,,,,,,25.7,26.5,-0.8,,,80.7,79.8,0.9,67.46,66.87,0.6,,,,3.4,3.7,-0.3,3.8,3.2,0.6,463475,,,71514,,,15.4,,,,,,,,,,,,,76.5,,,80.67,,,,,,2.8,,,0.3,,,,,
2026/04/21,2026/04/13,2026/03/01,L01,YESTERDAY 20,0000,YESTERDAY 20,,,,5343,5507,-3.0,,17714,17853,48599,48932,140,184,-23.9,2.6,297,468,-36.5,5.6,1.9,0,1.9,23.3,23.8,-0.5,32164,25101,78.0,78.3,-0.3,38.94,39.63,-0.7,36.05,35.97,0.1,,,,,,,2.7,2.7,0.0,8.4,2.7,5.7,17440,17687,-1.4,1079,1198,-9.9,6.2,,,,,,,,17.9,19.2,-1.3,,,80.4,80.1,0.3,44.68,42.87,1.8,,,,3.1,3.1,0.0,1.8,1.1,0.7,49849,,,3233,,,6.5,,,,,,,,,,,,,77.3,,,62.79,,,,,,1.7,,,0.0,,,,,
2026/04/21,2026/04/13,2026/03/01,L02,Love20(재),0200,Love 20,,,,3440,3578,-3.9,,11458,11876,31532,31778,64,123,-48.0,1.9,276,423,-34.8,8.0,2.7,0,2.7,23.7,28.2,-4.5,23470,19853,84.6,84.9,-0.3,39.27,37.18,2.1,36.56,36.16,0.4,,,,,,,1.9,1.6,0.3,6.7,3.8,2.9,11562,11373,1.7,785,751,4.5,6.8,,,,,,,,16.5,17.0,-0.5,,,86.8,86.8,0.0,45.88,43.66,2.2,,,,2.5,2.3,0.2,1.0,1.1,-0.1,32345,,,2077,,,6.4,,,,,,,,,,,,,84.3,,,61.50,,,,,,1.2,,,0.0,,,,,
2026/04/21,2026/04/13,2026/03/01,L03,OLDIES 20(재),0400,OLDIES 20,,,,8512,8666,-1.8,,22894,22821,53658,53024,110,191,-42.4,1.3,627,956,-34.4,7.4,3.4,0,3.4,17.7,18.4,-0.7,35761,26559,74.3,74.4,-0.1,47.56,47.34,0.2,44.76,46.97,-2.2,,,,,,,0.7,0.8,-0.1,8.7,7.8,0.9,23456,22800,2.9,1052,1079,-2.5,4.5,,,,,,,,11.5,12.1,-0.6,,,70.5,70.8,-0.3,54.97,53.76,1.2,,,,1.2,1.3,-0.1,2.2,1.2,1.0,52374,,,2320,,,4.4,,,,,,,,,,,,,70.5,,,70.45,,,,,,0.7,,,0.1,,,,,
2026/04/21,2026/04/13,2026/03/01,L04,,,,,,,0,0,,,0,0,0,0,0,0,,,0,0,,,0,0,0.0,,,,0,0,,,,0,0,0.0,0,0,0.0,,,,,,,0,0,0.0,0,0,0.0,0,0,,0,0,,,,,,,,,,,,,,,,,,0,0,0.0,,,,0,0,0.0,0,0,0.0,0,,,0,,,,,,,,,,,,,,,,,,,0,,,,,,0,,,0,,,,,
2026/04/21,2026/04/13,2026/03/01,L05,고현준의 뉴스 브리핑,0600,고현준의 뉴스 브리핑,"이태연, 윤승재, 박현주","헤이, 고뉴브(1부), 뉴스브리핑 아침 배송(3부)",스포츠이슈 (2부),22084,22505,-1.9,,38920,38603,75662,74759,193,321,-39.9,0.9,1681,2396,-29.8,7.6,7.2,0,7.2,13.7,13.1,0.6,53221,43938,82.6,82.4,0.2,66.15,67.14,-1.0,63.86,65.17,-1.3,,,,,,,0.8,0.6,0.2,9.6,5.9,3.7,41854,40987,2.1,1391,1267,9.8,3.3,,,,,,,,8.9,8.9,0.0,,,85.8,86.0,-0.2,68.34,67.28,1.1,,,,1.1,1.1,0.0,2.5,1.4,1.1,71984,,,2950,,,4.1,,,,,,,,,,,,,81.0,,,80.18,,,,,,1.1,,,0.1,,,,,
2026/04/21,2026/04/13,2026/03/01,L06,김태현의 정치쇼,0700,김태현의 정치쇼,"손지은, 임찬종, 권영철, 윤태곤",,,40454,41170,-1.7,,82354,81889,167886,166366,509,929,-45.2,1.3,3816,5778,-34.0,9.4,6.7,0,6.7,19.5,19.1,0.4,89915,63003,70.1,70.4,-0.3,56.02,56.37,-0.3,55.22,55.32,-0.1,,,,,,,1.0,1.1,-0.1,4.8,4.1,0.7,89788,88481,1.5,4234,3895,8.7,4.7,,,,,,,,12.0,12.1,-0.1,,,74.1,73.8,0.3,65.25,64.56,0.7,,,,1.3,1.2,0.1,1.7,1.2,0.5,161569,,,8973,,,5.6,,,,,,,,,,,,,67.9,,,78.39,,,,,,1.0,,,0.0,,,,,
2026/04/21,2026/04/13,2026/03/01,L07,이숙영의 러브FM,0900,이숙영의 러브FM,이재익,내 안의 그대 (2부),"이러엠 커피타임(1부), 내 인생의 영화 음악(3부), 내 안의 그대(참여)(2부), 추가열 : 추억의 가요 열전(참여)(4부)",25793,26306,-2.0,,57464,58136,137760,138576,484,825,-41.3,1.9,2550,4098,-37.8,9.9,5.7,0,5.7,21.5,21.6,-0.1,85828,64039,74.6,74.6,0.0,50.34,50.13,0.2,48.24,48.10,0.1,,,,,,,1.6,1.8,-0.2,6.1,4.9,1.2,64213,64300,-0.1,3354,3525,-4.9,5.2,,,,,,,,13.9,14.7,-0.8,,,77.4,76.8,0.6,56.41,55.33,1.1,,,,2.0,2.0,0.0,1.9,1.0,0.9,137612,,,7888,,,5.7,,,,,,,,,,,,,72.8,,,72.16,,,,,,1.6,,,0.0,,,,,
2026/04/21,2026/04/13,2026/03/01,L08,박연미의 목돈연구소,1100,박연미의 목돈연구소,추동훈 / 염승환,,"증시연구소(2부), 1타 경제이슈(1부)",17404,17988,-3.2,,50183,50614,125107,124747,279,514,-45.7,1.6,1772,2821,-37.2,10.2,4.3,0,4.3,19.8,19.8,0.0,79611,61582,77.4,77.5,-0.1,48.83,48.50,0.3,46.36,46.99,-0.6,,,,,,,1.0,1.1,-0.1,7.3,3.8,3.5,50196,49772,0.9,2657,3196,-16.9,5.3,,,,,,,,13.8,15.7,-1.9,,,80.7,81.0,-0.3,52.72,49.63,3.1,,,,1.6,2.8,-1.2,2.4,1.4,1.0,126043,,,7134,,,5.7,,,,,,,,,,,,,76.7,,,68.52,,,,,,1.1,,,0.0,,,,,
2026/04/21,2026/04/13,2026/03/01,L09,유민상의 배고픈 라디오,1200,유민상의 배고픈 라디오,"두선생, 홍윤화","배고픈 자들이여, 내게 오라","역맛살, 배고픈 자들이여, 내게 오라!, 유배라 놀이동산",22320,22553,-1.0,,67495,68000,170291,169891,561,852,-34.2,2.5,2317,3747,-38.2,10.4,4.0,0,4.0,22.7,22.7,0.0,103154,76680,74.3,74.4,-0.1,43.20,43.19,0.0,41.14,39.50,1.6,,,,,,,2.6,3.4,-0.8,4.8,4.4,0.4,67857,68578,-1.1,4477,5168,-13.4,6.6,,,,,,,,16.1,17.7,-1.6,,,75.6,74.9,0.7,50.87,48.79,2.1,,,,3.6,3.6,0.0,1.8,0.9,0.9,169514,,,12549,,,7.4,,,,,,,,,,,,,73.1,,,69.40,,,,,,2.2,,,0.0,,,,,
2026/04/21,2026/04/13,2026/03/01,L10,그대의 오후 정엽입니다,1400,"그대의 오후, 정엽입니다",,,"오후의 대나무숲, 화요 디렉터스 컷",20419,20794,-1.8,,68142,68553,181017,180030,707,1052,-32.8,3.5,2327,4000,-41.8,11.4,3.8,0,3.8,26.2,27.0,-0.8,95846,68072,71.0,71.2,-0.2,37.51,37.08,0.4,34.73,31.70,3.0,,,,,,,1.4,1.6,-0.2,2.9,2.5,0.4,68877,71332,-3.4,5420,6312,-14.1,7.9,,,,,,,,19.9,20.3,-0.4,,,73.5,72.1,1.4,45.76,45.68,0.1,,,,1.8,1.9,-0.1,1.1,0.7,0.4,176544,,,15276,,,8.7,,,,,,,,,,,,,70.4,,,67.06,,,,,,1.1,,,0.0,,,,,
2026/04/21,2026/04/13,2026/03/01,L11,인생은 오디션,1600,인생은 오디션,,,"인생 한 소절, 주제파악",10672,10961,-2.6,,29635,30504,90335,89415,293,420,-30.2,2.7,673,1496,-55.0,6.3,2.4,0,2.4,21.9,22.8,-0.9,50761,34330,67.6,68.5,-0.9,32.86,31.57,1.3,29.57,28.53,1.0,,,,,,,1.7,1.7,0.0,3.9,1.9,2.0,34822,35371,-1.6,1949,2105,-7.4,5.6,,,,,,,,13.6,14.4,-0.8,,,67.2,66.3,0.9,40.70,41.17,-0.5,,,,2.0,2.2,-0.2,1.1,0.5,0.6,85670,,,4871,,,5.7,,,,,,,,,,,,,69.4,,,62.14,,,,,,1.3,,,0.0,,,,,
2026/04/21,2026/04/13,2026/03/01,L12,6시 저녁바람 김창완입니다,1800,6시 저녁바람 김창완입니다,,,,16723,17358,-3.7,,52176,52051,134561,133638,478,683,-30.0,2.9,1680,2978,-43.6,10.0,3.6,0,3.6,23.7,22.5,1.2,78622,54593,69.4,69.7,-0.3,36.26,37.47,-1.2,33.64,33.17,0.5,,,,,,,2.1,2.2,-0.1,2.3,2.7,-0.4,53733,54060,-0.6,3498,4384,-20.2,6.5,,,,,,,,16.3,15.6,0.7,,,70.5,70.0,0.5,48.21,48.30,-0.1,,,,2.3,2.6,-0.3,1.6,0.7,0.9,131781,,,9419,,,7.1,,,,,,,,,,,,,68.4,,,68.42,,,,,,1.5,,,0.0,,,,,
2026/04/21,2026/04/13,2026/03/01,L13,편상욱의 뉴스직격,1700,편상욱의 뉴스직격,"윤희석, 김성완",,,10972,11186,-1.9,,29780,30056,87459,86797,288,362,-20.4,2.6,721,1454,-50.4,6.6,2.6,0,2.6,20.1,21.9,-1.8,44924,29308,65.2,65.4,-0.2,33.52,32.93,0.6,30.65,30.54,0.1,,,,,,,1.3,1.5,-0.2,3.7,1.4,2.3,34965,34117,2.5,1784,1776,0.5,5.1,,,,,,,,12.3,12.9,-0.6,,,66.2,66.5,-0.3,43.47,42.25,1.2,,,,1.5,1.6,-0.1,0.9,0.5,0.4,83895,,,4218,,,5.0,,,,,,,,,,,,,64.0,,,63.80,,,,,,0.8,,,0.0,,,,,
2026/04/21,2026/04/13,2026/03/01,L14,김윤상의 뮤직투나잇,2000,김윤상의 뮤직투나잇,,,"미스터T의 선곡법, 오늘의 일기",11467,11290,1.6,,36724,36601,105789,104381,1010,503,100.8,8.8,917,1755,-47.7,8.0,2.7,0,2.7,22.8,22.8,0.0,61319,42346,69.1,69.0,0.1,33.19,34.56,-1.4,30.00,29.08,0.9,,,,,,,2.8,2.8,0.0,2.6,3.1,-0.5,37398,37905,-1.3,2825,3925,-28.0,7.6,,,,,,,,18.4,18.5,-0.1,,,71.6,70.1,1.5,41.17,40.56,0.6,,,,2.9,3.1,-0.2,1.0,0.5,0.5,105605,,,9923,,,9.4,,,,,,,,,,,,,67.7,,,62.25,,,,,,1.7,,,0.1,,,,,
2026/04/21,2026/04/13,2026/03/01,L15,음악이 흐르는 밤 박은경입니다,2200,"음악이 흐르는 밤, 박은경입니다",,,,9355,9667,-3.2,,29942,30184,83316,82303,335,459,-27.0,3.6,809,1578,-48.7,8.6,3.0,0,3.0,19.4,18.6,0.8,53139,39556,74.4,74.5,-0.1,39.27,39.83,-0.6,33.98,32.95,1.0,,,,,,,3.3,3.1,0.2,4.6,4.4,0.2,30371,30955,-1.9,2504,2932,-14.6,8.2,,,,,,,,19.2,20.4,-1.2,,,75.7,74.7,1.0,43.17,42.97,0.2,,,,3.4,3.8,-0.4,1.9,1.2,0.7,81588,,,7702,,,9.4,,,,,,,,,,,,,72.8,,,62.80,,,,,,2.3,,,0.1,,,,,
2026/04/21,2026/04/13,2026/03/01,M05,김선재의 책하고놀자,0600,,,,,0,0,,,12057,11712,29648,28518,0,0,,,0,0,,,0.0,0,0.0,,,,17846,12826,71.9,71.6,0.3,0,0,0.0,0,0,0.0,,,,,,,0,0,0.0,0,0,0.0,8199,7980,2.7,322,402,-19.9,3.9,,,,,,,,8.1,7.2,0.9,,,72.7,72.7,0.0,34.22,35.19,-1.0,,,,1.1,1.0,0.1,0.0,0.0,0.0,28566,,,705,,,2.5,,,,,,,,,,,,,70.1,,,59.43,,,,,,0.5,,,0.0,,,,,
2026/04/21,2026/04/13,2026/03/01,M07,최영주의 러브FM,0900,,,,,0,0,,,30452,30605,78730,77974,0,0,,,0,0,,,0.0,0,0.0,,,,46764,33834,72.4,72.7,-0.3,0,0,0.0,0,0,0.0,,,,,,,0,0,0.0,0,0,0.0,19058,19225,-0.9,975,1439,-32.2,5.1,,,,,,,,11.9,12.6,-0.7,,,72.0,71.2,0.8,29.75,30.30,-0.6,,,,2.8,3.2,-0.4,0.0,0.0,0.0,81646,,,2952,,,3.6,,,,,,,,,,,,,73.0,,,60.28,,,,,,1.4,,,0.0,,,,,
2026/04/21,2026/04/13,2026/03/01,M10,DJ래피의 드라이브 뮤직,0700,,,,,0,0,,,27749,27412,67914,66834,0,0,,,0,0,,,0.0,0,0.0,,,,37239,27257,73.2,72.9,0.3,0,0,0.0,0,0,0.0,,,,,,,0,0,0.0,0,0,0.0,18508,18620,-0.6,789,1156,-31.7,4.3,,,,,,,,10.3,10.5,-0.2,,,75.8,75.6,0.2,34.00,35.16,-1.2,,,,2.7,2.7,0.0,0.0,0.0,0.0,68681,,,2299,,,3.3,,,,,,,,,,,,,72.0,,,61.56,,,,,,1.5,,,0.0,,,,,
2026/04/21,2026/04/13,2026/03/01,M11,DJ래피의 드라이브 뮤직,1600,,,,,0,0,,,19400,19654,56376,56096,0,0,,,0,0,,,0.0,0,0.0,,,,30313,20581,67.9,68.2,-0.3,0,0,0.0,0,0,0.0,,,,,,,0,0,0.0,0,0,0.0,11201,11478,-2.4,832,1154,-27.9,7.4,,,,,,,,14.5,14.1,0.4,,,68.3,68.8,-0.5,20.28,21.09,-0.8,,,,3.3,3.7,-0.4,0.0,0.0,0.0,59731,,,2767,,,4.6,,,,,,,,,,,,,67.6,,,49.30,,,,,,1.4,,,0.0,,,,,
2026/04/21,2026/04/13,2026/03/01,P00,,,,,,,8546,9014,-5.2,,27689,27952,85330,85601,344,435,-20.9,4.0,809,1424,-43.2,9.5,3.1,0,3.1,24.7,24.6,0.1,34162,23471,68.7,69.0,-0.3,37.70,37.80,-0.1,33.10,32.61,0.5,,,,,,,0.7,0.9,-0.2,0.0,1.5,-1.5,29309,29801,-1.7,2428,3017,-19.5,8.3,,,,,,,,17.8,18.0,-0.2,,,73.1,73.4,-0.3,39.17,38.35,0.8,,,,1.2,1.3,-0.1,1.1,0.7,0.4,84878,,,7870,,,9.3,,,,,,,,,,,,,68.5,,,57.24,,,,,,0.6,,,0.0,,,,,
2026/04/21,2026/04/13,2026/03/01,T00,,,,,,,190702,193607,-1.5,,351840,352936,637041,636105,8222,9844,-16.5,4.3,36731,46760,-21.4,19.3,18.3,0,18.3,28.1,28.4,-0.3,543335,482465,88.8,88.8,0.0,71.66,71.34,0.3,68.23,67.41,0.8,,,,,,,3.0,3.4,-0.4,8.3,12.2,-3.9,356090,355675,0.1,47317,48431,-2.3,13.3,,,,,,,,27.9,28.8,-0.9,,,90.9,90.6,0.3,72.05,71.23,0.8,,,,5.4,5.5,-0.1,6.0,5.5,0.5,642740,,,127759,,,19.9,,,,,,,,,,,,,88.4,,,81.68,,,,,,5.0,,,0.4,,,,,
2026/04/22,2026/04/13,2026/03/01,F00,,,,,,,139337,142970,-2.5,,280095,280320,526050,525276,4770,5747,-17.0,3.4,24841,31518,-21.2,17.8,13.2,0,13.2,26.7,26.2,0.5,435304,384469,88.3,88.3,0.0,68.23,68.76,-0.5,64.65,65.32,-0.7,,,,,,,2.2,2.7,-0.5,10.3,10.7,-0.4,283146,283695,-0.2,33955,35386,-4.0,12.0,,,,,,,,26.0,25.8,0.2,,,89.8,89.6,0.2,69.14,69.11,0.0,,,,4.4,4.3,0.1,5.6,4.7,0.9,527402,,,90724,,,17.2,,,,,,,,,,,,,87.9,,,80.69,,,,,,4.3,,,0.3,,,,,
2026/04/22,2026/04/13,2026/03/01,F01,딘딘의 뮤직하이,2300,딘딘의 뮤직하이,,"띵커바츄(1부), 사연과 신청곡",밤에 라디오에서,6964,7144,-2.5,,22204,22605,63113,63602,342,347,-1.4,4.9,510,829,-38.5,7.3,2.3,0,2.3,8.4,8.2,0.2,46191,37483,81.1,81.0,0.1,43.03,42.11,0.9,37.18,36.60,0.6,,,,,,,1.5,1.7,-0.2,5.4,11.6,-6.2,22650,22796,-0.6,2279,2457,-7.2,10.1,,,,,,,,18.3,18.0,0.3,,,82.4,81.4,1.0,42.96,41.65,1.3,,,,2.1,2.1,0.0,3.6,2.2,1.4,64552,,,7041,,,10.9,,,,,,,,,,,,,80.4,,,59.64,,,,,,1.7,,,0.1,,,,,
2026/04/22,2026/04/13,2026/03/01,F02,애프터 클럽,0100,애프터클럽,DJ 푸디토리움,,미란이의 한 시라니,3826,4071,-6.0,,12369,12830,35523,35803,183,169,8.3,4.8,124,190,-34.7,3.2,1.0,0,1.0,18.2,20.2,-2.0,26119,21686,83.0,83.0,0.0,43.84,43.75,0.1,35.40,37.66,-2.3,,,,,,,0.7,0.8,-0.1,18.0,12.4,5.6,12575,12396,1.4,1100,1173,-6.2,8.7,,,,,,,,18.2,17.6,0.6,,,84.8,84.0,0.8,43.39,42.74,0.6,,,,1.4,1.5,-0.1,3.4,1.8,1.6,36981,,,3056,,,8.3,,,,,,,,,,,,,82.7,,,58.60,,,,,,1.0,,,0.0,,,,,
2026/04/22,2026/04/13,2026/03/01,F03,파워 스테이션,0300,파워 스테이션 ,,,,3590,3653,-1.7,,10502,10981,29594,29753,109,125,-12.8,3.0,156,221,-29.4,4.3,1.5,0,1.5,16.7,17.6,-0.9,22159,18609,84.0,83.8,0.2,46.40,47.70,-1.3,40.02,43.28,-3.3,,,,,,,0.5,0.5,0.0,10.7,10.6,0.1,10929,10392,5.2,1006,858,17.2,9.2,,,,,,,,15.6,14.0,1.6,,,84.4,85.0,-0.6,45.48,44.31,1.2,,,,1.0,0.8,0.2,3.1,1.5,1.6,30312,,,2200,,,7.3,,,,,,,,,,,,,82.4,,,59.80,,,,,,0.6,,,0.0,,,,,
2026/04/22,2026/04/13,2026/03/01,F04,이인권의 펀펀투데이,0500,이인권의 펀펀투데이,,"사연과 신청곡(1부), 목동잉무새(1부), 상처엔 솔솔~잉데카솔(1부)","궁금한 이야기 에프(2부), 꽃.단.장(3부)",18604,19036,-2.3,,42976,42230,91568,90734,244,301,-18.9,1.3,1283,1589,-19.3,6.9,3.8,0,3.8,13.7,14.0,-0.3,72251,57708,79.9,79.7,0.2,61.64,61.37,0.3,56.99,58.34,-1.4,,,,,,,1.3,1.8,-0.5,10.5,9.2,1.3,43746,41762,4.8,2166,1979,9.4,5.0,,,,,,,,10.6,10.5,0.1,,,78.7,78.7,0.0,61.85,60.72,1.1,,,,1.6,1.7,-0.1,3.5,1.8,1.7,89279,,,4664,,,5.2,,,,,,,,,,,,,75.7,,,74.33,,,,,,1.5,,,0.0,,,,,
2026/04/22,2026/04/13,2026/03/01,F05,김영철의 파워FM,0700,김영철의 파워FM,"김헌, 정상근, 피터 / 배혜지","오늘의 표현, 피터의 진짜 영국식 영어, 영철본색, 영철이가 쏜다! 빵야빵야!!, Cheer up 쏭~, 무식탈출 영철쇼, 사연과 신청곡"," 무식탈출 영철쇼-그리스로마신화, 직장인탐구생활",61526,62118,-1.0,,119928,117363,220003,219125,865,1064,-18.7,1.4,6234,7670,-18.7,10.1,8.0,0,8.0,16.3,16.0,0.3,186903,159056,85.1,85.2,-0.1,70.57,70.73,-0.2,67.31,67.10,0.2,,,,,,,1.7,2.3,-0.6,11.6,10.0,1.6,121876,118247,3.1,6707,6527,2.8,5.5,,,,,,,,13.4,13.3,0.1,,,86.2,86.7,-0.5,70.83,70.10,0.7,,,,4.4,3.4,1.0,4.7,3.4,1.3,220061,,,15015,,,6.8,,,,,,,,,,,,,83.4,,,79.72,,,,,,3.3,,,0.1,,,,,
2026/04/22,2026/04/13,2026/03/01,F06,아름다운 이 아침 봉태규입니다,0900,"아름다운 이 아침, 봉태규입니다",,"사연과 신청곡(1~2부), 사연의제목을입력하세요(1부)",오늘의 문자는 커피가 된다(2부),41603,42666,-2.5,,102159,102674,212508,215315,827,1041,-20.6,2.0,4262,5807,-26.6,10.2,5.4,0,5.4,18.0,18.4,-0.4,178114,153480,86.2,85.7,0.5,61.46,61.07,0.4,58.24,58.27,0.0,,,,,,,1.1,1.4,-0.3,19.9,13.6,6.3,100838,100442,0.4,6100,6701,-9.0,6.0,,,,,,,,14.5,14.6,-0.1,,,86.7,86.6,0.1,62.35,61.87,0.5,,,,1.8,2.0,-0.2,5.5,2.7,2.8,218497,,,15309,,,7.0,,,,,,,,,,,,,84.8,,,76.73,,,,,,1.9,,,0.1,,,,,
2026/04/22,2026/04/13,2026/03/01,F07,박하선의 씨네타운,1100,박하선의 씨네타운,"염혜란, 정지영 감독 (영화 ‘내 이름은’) ",,씨네초대석,28223,28890,-2.3,,70942,71591,161697,162510,714,739,-3.4,2.5,2353,3387,-30.5,8.3,4.0,0,4.0,16.5,17.3,-0.8,135266,113305,83.8,83.8,0.0,59.41,58.72,0.7,55.91,54.77,1.1,,,,,,,0.4,1.0,-0.6,26.3,16.8,9.5,70808,70832,0.0,4446,4902,-9.3,6.3,,,,,,,,13.9,14.0,-0.1,,,85.0,85.0,0.0,58.15,57.52,0.6,,,,1.2,1.2,0.0,5.9,2.5,3.4,166013,,,10397,,,6.3,,,,,,,,,,,,,82.9,,,72.48,,,,,,1.0,,,0.1,,,,,
2026/04/22,2026/04/13,2026/03/01,F08,12시엔 주현영,1200,12시엔 주현영,"킥플립 (계훈, 동화, 주왕, 민제, 케이주, 동현)","별다뉴(4부), 시크릿 주주(1부), 사연과 신청곡","주터뷰(2~3부), 주퀴즈 오예스(4부)",35545,36086,-1.5,,88673,89591,205126,206529,1271,1147,10.8,3.6,3385,4857,-30.3,9.5,4.6,0,4.6,19.2,19.2,0.0,166984,137239,82.2,82.2,0.0,56.95,57.14,-0.2,53.75,54.15,-0.4,,,,,,,0.8,0.9,-0.1,20.1,13.6,6.5,89567,89983,-0.5,6385,7063,-9.6,7.1,,,,,,,,16.2,16.7,-0.5,,,83.0,82.5,0.5,57.21,56.78,0.4,,,,1.4,1.5,-0.1,5.2,2.3,2.9,211013,,,17086,,,8.1,,,,,,,,,,,,,80.8,,,73.17,,,,,,1.3,,,0.1,,,,,
2026/04/22,2026/04/13,2026/03/01,F09,두시탈출 컬투쇼,1400,두시탈출 컬투쇼,DJ 유준상 / 강재준,"모시는 사연, 사연과 신청곡","중간만 가자(3~4부), 미니초대석(1부), 행번행전(2부)",43157,45264,-4.7,,108388,109167,242666,243359,1277,1627,-21.5,3.0,5475,7884,-30.6,12.7,6.1,0,6.1,23.1,23.2,-0.1,212042,184154,86.8,86.9,-0.1,57.35,57.84,-0.5,54.47,56.08,-1.6,,,,,,,1.0,1.2,-0.2,16.9,13.8,3.1,109958,112014,-1.8,9345,10083,-7.3,8.5,,,,,,,,20.4,20.2,0.2,,,88.1,87.2,0.9,58.67,58.92,-0.2,,,,1.9,2.0,-0.1,4.9,3.2,1.7,243807,,,24501,,,10.0,,,,,,,,,,,,,86.6,,,75.04,,,,,,2.2,,,0.1,,,,,
2026/04/22,2026/04/13,2026/03/01,F10,황제파워,1600,황제성의 황제파워,"이예지, 이지훈 (우리들의 발라드)",,,40696,42685,-4.7,,95366,98461,210263,210884,1048,1426,-26.5,2.6,4269,6221,-31.4,10.5,5.5,0,5.5,18.4,18.2,0.2,177370,150027,84.6,84.7,-0.1,57.61,57.48,0.1,52.55,54.53,-2.0,,,,,,,1.5,2.1,-0.6,20.2,14.8,5.4,100232,98570,1.7,6972,7102,-1.8,7.0,,,,,,,,14.8,15.1,-0.3,,,84.6,84.9,-0.3,61.09,60.47,0.6,,,,2.6,2.5,0.1,5.1,2.9,2.2,210984,,,17346,,,8.2,,,,,,,,,,,,,84.0,,,74.77,,,,,,2.6,,,0.1,,,,,
2026/04/22,2026/04/13,2026/03/01,F11,박소현의 러브게임,1800,박소현의 러브게임,"허영지, 이진혁",,러브119,27857,29254,-4.8,,72717,73153,164671,165295,654,935,-30.1,2.3,3003,4313,-30.4,10.8,4.7,0,4.7,19.3,19.7,-0.4,137103,114313,83.4,83.5,-0.1,49.50,49.23,0.3,46.38,47.45,-1.1,,,,,,,1.2,1.2,0.0,13.5,9.2,4.3,75648,74199,2.0,5119,5354,-4.4,6.8,,,,,,,,14.3,14.3,0.0,,,82.8,83.1,-0.3,58.69,58.04,0.6,,,,1.7,1.9,-0.2,4.3,2.6,1.7,166988,,,12870,,,7.7,,,,,,,,,,,,,82.4,,,74.18,,,,,,1.8,,,0.1,,,,,
2026/04/22,2026/04/13,2026/03/01,F12,웬디의 영스트리트,2000,웬디의 영스트리트,,"사연과 신청곡(1부), Talk To Me(1부), 영스 랩스(4부), 영스 맵스(4부)",영스 팝업(2~3부),13148,13770,-4.5,,43532,42372,119096,118687,542,654,-17.1,4.1,1167,1849,-36.9,8.9,2.7,0,2.7,29.3,20.7,8.6,89142,69855,78.4,78.4,0.0,34.05,38.26,-4.2,33.80,35.47,-1.7,,,,,,,2.6,2.2,0.4,8.5,7.6,0.9,43682,43907,-0.5,3600,4971,-27.6,8.2,,,,,,,,18.6,18.1,0.5,,,77.3,77.5,-0.2,44.94,43.90,1.0,,,,2.2,3.1,-0.9,3.2,1.3,1.9,122293,,,13060,,,10.7,,,,,,,,,,,,,77.2,,,65.19,,,,,,1.7,,,0.1,,,,,
2026/04/22,2026/04/13,2026/03/01,F13,배성재의 텐,2200,배성재의 텐,오존,"오,좋네 상담소, N들이 사는 세상, 티끌 논쟁","오,좋네 상담소",6994,7203,-2.9,,23086,23457,68218,68569,256,307,-16.6,3.7,532,846,-37.1,7.6,2.2,0,2.2,18.1,17.9,0.2,49214,38490,78.2,78.3,-0.1,38.46,38.08,0.4,33.04,33.46,-0.4,,,,,,,0.6,0.9,-0.3,8.0,8.5,-0.5,23577,23803,-0.9,2038,2088,-2.4,8.6,,,,,,,,16.7,16.2,0.5,,,78.6,78.6,0.0,40.73,39.92,0.8,,,,1.6,1.8,-0.2,2.9,1.6,1.3,68560,,,6049,,,8.8,,,,,,,,,,,,,77.0,,,59.60,,,,,,1.4,,,0.1,,,,,
2026/04/22,2026/04/13,2026/03/01,G00,,,,,,,21558,22874,-5.8,,66155,68828,190501,193326,980,1253,-21.8,4.5,3150,4399,-28.4,14.6,4.9,0,4.9,29.7,29.9,-0.2,95056,72510,76.3,76.4,-0.1,44.90,44.71,0.2,39.63,40.11,-0.5,,,,,,,0.4,0.3,0.1,0.0,0.5,-0.5,68784,70346,-2.2,8492,9461,-10.2,12.3,,,,,,,,24.2,23.7,0.5,,,77.7,77.6,0.1,46.13,43.45,2.7,,,,0.6,0.7,-0.1,1.0,1.0,0.0,195873,,,28223,,,14.4,,,,,,,,,,,,,75.9,,,66.86,,,,,,0.4,,,0.1,,,,,
2026/04/22,2026/04/13,2026/03/01,L00,,,,,,,114480,115539,-0.9,,243341,244396,466451,464515,3648,4411,-17.3,3.2,21089,26543,-20.5,18.4,12.2,0,12.2,28.0,27.8,0.2,285637,219116,76.7,76.9,-0.2,63.26,63.43,-0.2,59.72,59.37,0.4,,,,,,,2.4,2.6,-0.2,4.5,5.2,-0.7,245819,248210,-1.0,27159,29435,-7.7,11.0,,,,,,,,25.7,26.5,-0.8,,,80.7,79.8,0.9,67.46,66.87,0.6,,,,3.4,3.7,-0.3,3.8,3.2,0.6,463475,,,71514,,,15.4,,,,,,,,,,,,,76.5,,,80.67,,,,,,2.8,,,0.3,,,,,
2026/04/22,2026/04/13,2026/03/01,L01,YESTERDAY 20,0000,YESTERDAY 20,,,,5591,5731,-2.4,,17681,17946,48742,49030,178,166,7.2,3.2,278,342,-18.7,5.0,1.6,0,1.6,20.1,20.6,-0.5,32247,25155,78.0,78.3,-0.3,41.92,43.96,-2.0,35.54,35.91,-0.4,,,,,,,2.5,2.6,-0.1,6.0,3.4,2.6,17440,17687,-1.4,1079,1198,-9.9,6.2,,,,,,,,17.9,19.2,-1.3,,,80.4,80.1,0.3,44.68,42.87,1.8,,,,3.1,3.1,0.0,1.8,1.1,0.7,49849,,,3233,,,6.5,,,,,,,,,,,,,77.3,,,62.79,,,,,,1.7,,,0.0,,,,,
2026/04/22,2026/04/13,2026/03/01,L02,Love20(재),0200,Love 20,,,,3641,3767,-3.3,,11451,11986,31688,31867,93,120,-22.5,2.6,232,375,-38.1,6.4,2.1,0,2.1,19.2,20.3,-1.1,23596,19949,84.5,84.9,-0.4,43.46,45.28,-1.8,36.10,36.64,-0.5,,,,,,,1.5,1.8,-0.3,4.8,5.3,-0.5,11562,11373,1.7,785,751,4.5,6.8,,,,,,,,16.5,17.0,-0.5,,,86.8,86.8,0.0,45.88,43.66,2.2,,,,2.5,2.3,0.2,1.0,1.1,-0.1,32345,,,2077,,,6.4,,,,,,,,,,,,,84.3,,,61.50,,,,,,1.2,,,0.0,,,,,
2026/04/22,2026/04/13,2026/03/01,L03,OLDIES 20(재),0400,OLDIES 20,,,,8722,8718,0.0,,22996,23079,53774,53093,116,138,-15.9,1.3,621,805,-22.9,7.1,3.1,0,3.1,15.3,16.1,-0.8,35816,26625,74.3,74.4,-0.1,49.27,50.52,-1.2,45.04,46.12,-1.1,,,,,,,0.8,0.8,0.0,4.6,6.6,-2.0,23456,22800,2.9,1052,1079,-2.5,4.5,,,,,,,,11.5,12.1,-0.6,,,70.5,70.8,-0.3,54.97,53.76,1.2,,,,1.2,1.3,-0.1,2.2,1.2,1.0,52374,,,2320,,,4.4,,,,,,,,,,,,,70.5,,,70.45,,,,,,0.7,,,0.1,,,,,
2026/04/22,2026/04/13,2026/03/01,L04,,,,,,,0,0,,,0,0,0,0,0,0,,,0,0,,,0,0,0.0,,,,0,0,,,,0,0,0.0,0,0,0.0,,,,,,,0,0,0.0,0,0,0.0,0,0,,0,0,,,,,,,,,,,,,,,,,,0,0,0.0,,,,0,0,0.0,0,0,0.0,0,,,0,,,,,,,,,,,,,,,,,,,0,,,,,,0,,,0,,,,,
2026/04/22,2026/04/13,2026/03/01,L05,고현준의 뉴스 브리핑,0600,고현준의 뉴스 브리핑,"이태연, 최민석, 유설희","헤이, 고뉴브(1부), 뉴스브리핑 아침 배송(3부)",그 남자의 TMI (2부),22123,22186,-0.3,,39100,38583,75850,74973,196,261,-24.9,0.9,1608,1907,-15.7,7.3,6.2,0,6.2,12.8,13.3,-0.5,53301,43979,82.5,82.4,0.1,67.50,67.06,0.4,63.69,62.85,0.8,,,,,,,0.8,0.7,0.1,8.8,8.1,0.7,41854,40987,2.1,1391,1267,9.8,3.3,,,,,,,,8.9,8.9,0.0,,,85.8,86.0,-0.2,68.34,67.28,1.1,,,,1.1,1.1,0.0,2.5,1.4,1.1,71984,,,2950,,,4.1,,,,,,,,,,,,,81.0,,,80.18,,,,,,1.1,,,0.1,,,,,
2026/04/22,2026/04/13,2026/03/01,L06,김태현의 정치쇼,0700,김태현의 정치쇼,"김도형, 강찬호, 김준일, 최선호",,,41149,41365,-0.5,,82309,81315,167875,166378,547,703,-22.2,1.3,3930,5142,-23.6,9.6,6.3,0,6.3,17.6,17.7,-0.1,89917,62953,70.0,70.3,-0.3,58.60,58.22,0.4,55.30,54.41,0.9,,,,,,,0.7,0.8,-0.1,4.5,3.2,1.3,89788,88481,1.5,4234,3895,8.7,4.7,,,,,,,,12.0,12.1,-0.1,,,74.1,73.8,0.3,65.25,64.56,0.7,,,,1.3,1.2,0.1,1.7,1.2,0.5,161569,,,8973,,,5.6,,,,,,,,,,,,,67.9,,,78.39,,,,,,1.0,,,0.0,,,,,
2026/04/22,2026/04/13,2026/03/01,L07,이숙영의 러브FM,0900,이숙영의 러브FM,"송유택, 이재익",내 안의 그대 (2부)," , 이러엠 커피타임(1부), 내 안의 그대(참여)(2부), 추팝 : 추억이 흐르는 팝(참여)(4부)",25840,26198,-1.4,,57485,57960,137806,138795,447,607,-26.4,1.7,2592,3735,-30.6,10.0,5.2,0,5.2,20.9,21.6,-0.7,85646,63934,74.6,74.6,0.0,50.73,50.55,0.2,48.11,47.74,0.4,,,,,,,1.5,1.6,-0.1,7.5,4.2,3.3,64213,64300,-0.1,3354,3525,-4.9,5.2,,,,,,,,13.9,14.7,-0.8,,,77.4,76.8,0.6,56.41,55.33,1.1,,,,2.0,2.0,0.0,1.9,1.0,0.9,137612,,,7888,,,5.7,,,,,,,,,,,,,72.8,,,72.16,,,,,,1.6,,,0.0,,,,,
2026/04/22,2026/04/13,2026/03/01,L08,박연미의 목돈연구소,1100,박연미의 목돈연구소,이광수 / 이선엽,,"1타 경제이슈(1부), 돈터뷰(2부)",17713,17825,-0.6,,50054,50378,125141,124964,346,399,-13.3,2.0,1757,2442,-28.1,9.9,3.9,0,3.9,19.3,20.6,-1.3,79578,61524,77.3,77.5,-0.2,50.13,48.58,1.6,47.34,45.62,1.7,,,,,,,0.9,1.3,-0.4,8.6,6.5,2.1,50196,49772,0.9,2657,3196,-16.9,5.3,,,,,,,,13.8,15.7,-1.9,,,80.7,81.0,-0.3,52.72,49.63,3.1,,,,1.6,2.8,-1.2,2.4,1.4,1.0,126043,,,7134,,,5.7,,,,,,,,,,,,,76.7,,,68.52,,,,,,1.1,,,0.0,,,,,
2026/04/22,2026/04/13,2026/03/01,L09,유민상의 배고픈 라디오,1200,유민상의 배고픈 라디오,"김해준, 김승혜","배고픈 자들이여, 내게 오라","만남의 광장, 배고픈 자들이여, 내게 오라!, 유배라 놀이동산",23055,22404,2.9,,67650,67842,170602,170037,693,662,4.7,3.0,2325,3323,-30.0,10.1,3.7,0,3.7,22.7,22.3,0.4,103263,76717,74.3,74.4,-0.1,44.19,43.48,0.7,41.81,40.88,0.9,,,,,,,3.0,3.8,-0.8,5.9,4.2,1.7,67857,68578,-1.1,4477,5168,-13.4,6.6,,,,,,,,16.1,17.7,-1.6,,,75.6,74.9,0.7,50.87,48.79,2.1,,,,3.6,3.6,0.0,1.8,0.9,0.9,169514,,,12549,,,7.4,,,,,,,,,,,,,73.1,,,69.40,,,,,,2.2,,,0.0,,,,,
2026/04/22,2026/04/13,2026/03/01,L10,그대의 오후 정엽입니다,1400,"그대의 오후, 정엽입니다",,,"Love is a Song, 수퀴즈",20040,20619,-2.8,,68129,68816,181052,180192,587,823,-28.7,2.9,2182,3697,-41.0,10.9,3.2,0,3.2,26.8,27.0,-0.2,95849,68066,71.0,71.2,-0.2,37.72,37.12,0.6,35.05,35.43,-0.4,,,,,,,1.6,1.7,-0.1,3.6,3.1,0.5,68877,71332,-3.4,5420,6312,-14.1,7.9,,,,,,,,19.9,20.3,-0.4,,,73.5,72.1,1.4,45.76,45.68,0.1,,,,1.8,1.9,-0.1,1.1,0.7,0.4,176544,,,15276,,,8.7,,,,,,,,,,,,,70.4,,,67.06,,,,,,1.1,,,0.0,,,,,
2026/04/22,2026/04/13,2026/03/01,L11,인생은 오디션,1600,인생은 오디션,,,"인생 한 소절, 주제파악",10965,10906,0.5,,29517,30373,90691,89844,321,414,-22.5,2.9,740,1240,-40.3,6.7,2.3,0,2.3,21.5,22.1,-0.6,50759,34220,67.4,68.3,-0.9,33.34,32.10,1.2,30.41,29.32,1.1,,,,,,,1.8,1.7,0.1,3.1,1.8,1.3,34822,35371,-1.6,1949,2105,-7.4,5.6,,,,,,,,13.6,14.4,-0.8,,,67.2,66.3,0.9,40.70,41.17,-0.5,,,,2.0,2.2,-0.2,1.1,0.5,0.6,85670,,,4871,,,5.7,,,,,,,,,,,,,69.4,,,62.14,,,,,,1.3,,,0.0,,,,,
2026/04/22,2026/04/13,2026/03/01,L12,6시 저녁바람 김창완입니다,1800,6시 저녁바람 김창완입니다,,,,16198,16684,-2.9,,52219,52447,134650,133773,506,574,-11.8,3.1,1763,2585,-31.8,10.9,3.4,0,3.4,23.2,23.9,-0.7,78459,54463,69.4,69.8,-0.4,35.53,35.61,-0.1,33.21,33.63,-0.4,,,,,,,2.1,1.9,0.2,3.4,2.5,0.9,53733,54060,-0.6,3498,4384,-20.2,6.5,,,,,,,,16.3,15.6,0.7,,,70.5,70.0,0.5,48.21,48.30,-0.1,,,,2.3,2.6,-0.3,1.6,0.7,0.9,131781,,,9419,,,7.1,,,,,,,,,,,,,68.4,,,68.42,,,,,,1.5,,,0.0,,,,,
2026/04/22,2026/04/13,2026/03/01,L13,편상욱의 뉴스직격,1700,편상욱의 뉴스직격,"김수민, 윤재관, 김철근",,,10902,11427,-4.6,,29447,30166,87634,87349,271,405,-33.1,2.5,732,1222,-40.1,6.7,2.3,0,2.3,21.0,20.1,0.9,44878,29191,65.0,65.3,-0.3,33.67,33.99,-0.3,29.50,31.00,-1.5,,,,,,,1.3,1.3,0.0,2.4,1.4,1.0,34965,34117,2.5,1784,1776,0.5,5.1,,,,,,,,12.3,12.9,-0.6,,,66.2,66.5,-0.3,43.47,42.25,1.2,,,,1.5,1.6,-0.1,0.9,0.5,0.4,83895,,,4218,,,5.0,,,,,,,,,,,,,64.0,,,63.80,,,,,,0.8,,,0.0,,,,,
2026/04/22,2026/04/13,2026/03/01,L14,김윤상의 뮤직투나잇,2000,김윤상의 뮤직투나잇,,,"king Of The아재, 오늘의 일기",10535,11006,-4.3,,37251,36854,105776,104631,346,465,-25.6,3.3,855,1447,-40.9,8.1,2.2,0,2.2,27.6,22.7,4.9,61245,42194,68.9,69.0,-0.1,31.45,33.06,-1.6,29.97,30.69,-0.7,,,,,,,2.8,2.7,0.1,3.2,2.4,0.8,37398,37905,-1.3,2825,3925,-28.0,7.6,,,,,,,,18.4,18.5,-0.1,,,71.6,70.1,1.5,41.17,40.56,0.6,,,,2.9,3.1,-0.2,1.0,0.5,0.5,105605,,,9923,,,9.4,,,,,,,,,,,,,67.7,,,62.25,,,,,,1.7,,,0.1,,,,,
2026/04/22,2026/04/13,2026/03/01,L15,음악이 흐르는 밤 박은경입니다,2200,"음악이 흐르는 밤, 박은경입니다",,,,8972,9150,-1.9,,30131,30311,83321,82472,360,366,-1.6,4.0,826,1290,-36.0,9.2,2.7,0,2.7,18.0,18.7,-0.7,53215,39593,74.4,74.5,-0.1,38.48,38.17,0.3,34.57,33.93,0.6,,,,,,,3.5,3.5,0.0,2.9,3.0,-0.1,30371,30955,-1.9,2504,2932,-14.6,8.2,,,,,,,,19.2,20.4,-1.2,,,75.7,74.7,1.0,43.17,42.97,0.2,,,,3.4,3.8,-0.4,1.9,1.2,0.7,81588,,,7702,,,9.4,,,,,,,,,,,,,72.8,,,62.80,,,,,,2.3,,,0.1,,,,,
2026/04/22,2026/04/13,2026/03/01,M05,김선재의 책하고놀자,0600,,,,,0,0,,,12057,11712,29648,28518,0,0,,,0,0,,,0.0,0,0.0,,,,17846,12826,71.9,71.6,0.3,0,0,0.0,0,0,0.0,,,,,,,0,0,0.0,0,0,0.0,8199,7980,2.7,322,402,-19.9,3.9,,,,,,,,8.1,7.2,0.9,,,72.7,72.7,0.0,34.22,35.19,-1.0,,,,1.1,1.0,0.1,0.0,0.0,0.0,28566,,,705,,,2.5,,,,,,,,,,,,,70.1,,,59.43,,,,,,0.5,,,0.0,,,,,
2026/04/22,2026/04/13,2026/03/01,M07,최영주의 러브FM,0900,,,,,0,0,,,30452,30605,78730,77974,0,0,,,0,0,,,0.0,0,0.0,,,,46764,33834,72.4,72.7,-0.3,0,0,0.0,0,0,0.0,,,,,,,0,0,0.0,0,0,0.0,19058,19225,-0.9,975,1439,-32.2,5.1,,,,,,,,11.9,12.6,-0.7,,,72.0,71.2,0.8,29.75,30.30,-0.6,,,,2.8,3.2,-0.4,0.0,0.0,0.0,81646,,,2952,,,3.6,,,,,,,,,,,,,73.0,,,60.28,,,,,,1.4,,,0.0,,,,,
2026/04/22,2026/04/13,2026/03/01,M10,DJ래피의 드라이브 뮤직,0700,,,,,0,0,,,27749,27412,67914,66834,0,0,,,0,0,,,0.0,0,0.0,,,,37239,27257,73.2,72.9,0.3,0,0,0.0,0,0,0.0,,,,,,,0,0,0.0,0,0,0.0,18508,18620,-0.6,789,1156,-31.7,4.3,,,,,,,,10.3,10.5,-0.2,,,75.8,75.6,0.2,34.00,35.16,-1.2,,,,2.7,2.7,0.0,0.0,0.0,0.0,68681,,,2299,,,3.3,,,,,,,,,,,,,72.0,,,61.56,,,,,,1.5,,,0.0,,,,,
2026/04/22,2026/04/13,2026/03/01,M11,DJ래피의 드라이브 뮤직,1600,,,,,0,0,,,19400,19654,56376,56096,0,0,,,0,0,,,0.0,0,0.0,,,,30313,20581,67.9,68.2,-0.3,0,0,0.0,0,0,0.0,,,,,,,0,0,0.0,0,0,0.0,11201,11478,-2.4,832,1154,-27.9,7.4,,,,,,,,14.5,14.1,0.4,,,68.3,68.8,-0.5,20.28,21.09,-0.8,,,,3.3,3.7,-0.4,0.0,0.0,0.0,59731,,,2767,,,4.6,,,,,,,,,,,,,67.6,,,49.30,,,,,,1.4,,,0.0,,,,,
2026/04/22,2026/04/13,2026/03/01,P00,,,,,,,8656,8759,-1.2,,27609,28050,85344,85654,314,406,-22.7,3.6,842,1144,-26.4,9.7,2.9,0,2.9,24.9,24.7,0.2,34218,23488,68.6,68.9,-0.3,37.54,37.18,0.4,34.17,33.56,0.6,,,,,,,0.7,0.7,0.0,0.0,0.4,-0.4,29309,29801,-1.7,2428,3017,-19.5,8.3,,,,,,,,17.8,18.0,-0.2,,,73.1,73.4,-0.3,39.17,38.35,0.8,,,,1.2,1.3,-0.1,1.1,0.7,0.4,84878,,,7870,,,9.3,,,,,,,,,,,,,68.5,,,57.24,,,,,,0.6,,,0.0,,,,,
2026/04/22,2026/04/13,2026/03/01,T00,,,,,,,189722,193012,-1.7,,352636,353988,637300,636739,6750,8064,-16.3,3.6,36763,44722,-17.8,19.4,16.9,0,16.9,27.8,27.5,0.3,543400,482241,88.7,88.8,-0.1,71.96,72.21,-0.2,68.33,68.72,-0.4,,,,,,,2.9,3.3,-0.4,9.4,10.5,-1.1,356090,355675,0.1,47317,48431,-2.3,13.3,,,,,,,,27.9,28.8,-0.9,,,90.9,90.6,0.3,72.05,71.23,0.8,,,,5.4,5.5,-0.1,6.0,5.5,0.5,642740,,,127759,,,19.9,,,,,,,,,,,,,88.4,,,81.68,,,,,,5.0,,,0.4,,,,,
2026/04/23,2026/04/13,2026/03/01,F00,,,,,,,138928,144316,-3.7,,277174,281675,525976,525986,4631,5434,-14.8,3.3,25697,12255,109.7,18.5,12.8,16.4,-3.6,26.3,26.3,0.0,123031,111022,90.2,89.7,0.5,68.64,68.59,0.0,63.92,66.26,-2.3,26.08,28.66,-2.6,19.97,22.02,-2.1,2.5,2.5,0.0,11.5,0.6,10.9,283146,283695,-0.2,33955,35386,-4.0,12.0,,,,,,,,26.0,25.8,0.2,,,89.8,89.6,0.2,69.14,69.11,0.0,24.92,24.22,0.7,4.4,4.3,0.1,5.6,4.7,0.9,527402,,,90724,,,17.2,,,,,,,,,,,,,87.9,,,80.69,,,4.22,,,4.3,,,0.3,,,123867,120573,278137
2026/04/23,2026/04/13,2026/03/01,F01,딘딘의 뮤직하이,2300,딘딘의 뮤직하이,,"띵커바츄(1부), 사연과 신청곡",디깅뮤직,6874,7130,-3.6,,21993,22600,62994,63621,295,409,-27.9,4.3,579,143,304.9,8.4,2.4,1.9,0.5,8.9,8.5,0.4,5622,4692,83.5,83.1,0.4,42.04,42.61,-0.6,35.67,36.61,-0.9,16.37,16.71,-0.3,5.87,12.13,-6.3,1.6,1.8,-0.2,8.4,0.4,8.0,22650,22796,-0.6,2279,2457,-7.2,10.1,,,,,,,,18.3,18.0,0.3,,,82.4,81.4,1.0,42.96,41.65,1.3,9.16,10.74,-1.6,2.1,2.1,0.0,3.6,2.2,1.4,64552,,,7041,,,10.9,,,,,,,,,,,,,80.4,,,59.64,,,0.88,,,1.7,,,0.1,,,6751,6949,22939
2026/04/23,2026/04/13,2026/03/01,F02,애프터 클럽,0100,애프터클럽,DJ 윤덕원,,푸디토리움의 야간공작소,3862,3880,-0.5,,12343,12986,35575,35779,170,139,22.3,4.4,123,46,167.4,3.2,0.9,1.1,-0.2,20.6,19.7,0.9,3102,2659,85.7,85.1,0.6,42.60,42.13,0.5,36.80,37.09,-0.3,14.21,19.53,-5.3,15.11,12.43,2.7,1.1,1.0,0.1,10.4,0.7,9.7,12575,12396,1.4,1100,1173,-6.2,8.7,,,,,,,,18.2,17.6,0.6,,,84.8,84.0,0.8,43.39,42.74,0.6,8.18,10.44,-2.3,1.4,1.5,-0.1,3.4,1.8,1.6,36981,,,3056,,,8.3,,,,,,,,,,,,,82.7,,,58.60,,,0.64,,,1.0,,,0.0,,,3795,3848,12777
2026/04/23,2026/04/13,2026/03/01,F03,파워 스테이션,0300,파워 스테이션 ,,,,3445,3522,-2.2,,10604,11118,29576,29743,145,122,18.9,4.2,159,56,183.9,4.6,1.4,1.6,-0.2,18.3,17.6,0.7,2903,2441,84.1,83.6,0.5,45.65,46.56,-0.9,41.48,42.63,-1.2,23.85,14.40,9.5,12.30,10.57,1.7,0.5,0.5,0.0,10.2,0.7,9.5,10929,10392,5.2,1006,858,17.2,9.2,,,,,,,,15.6,14.0,1.6,,,84.4,85.0,-0.6,45.48,44.31,1.2,8.74,10.97,-2.2,1.0,0.8,0.2,3.1,1.5,1.6,30312,,,2200,,,7.3,,,,,,,,,,,,,82.4,,,59.80,,,0.62,,,0.6,,,0.0,,,3392,3329,10865
2026/04/23,2026/04/13,2026/03/01,F04,이인권의 펀펀투데이,0500,이인권의 펀펀투데이,이경민 변호사,"사연과 신청곡(1부), 목동잉무새(1부), 상처엔 솔솔~잉데카솔(1부)",줄 그어드리는 남자(2~3부),18616,19148,-2.8,,42611,42560,91473,90866,254,323,-21.4,1.4,1334,630,111.7,7.2,3.7,5.0,-1.3,13.6,13.8,-0.2,15959,11979,75.1,75.3,-0.2,62.00,61.42,0.6,57.16,59.50,-2.3,35.25,32.89,2.4,25.70,22.46,3.2,0.6,0.7,-0.1,11.5,0.7,10.8,43746,41762,4.8,2166,1979,9.4,5.0,,,,,,,,10.6,10.5,0.1,,,78.7,78.7,0.0,61.85,60.72,1.1,17.79,14.13,3.7,1.6,1.7,-0.1,3.5,1.8,1.7,89279,,,4664,,,5.2,,,,,,,,,,,,,75.7,,,74.33,,,4.08,,,1.5,,,0.0,,,16232,15193,41305
2026/04/23,2026/04/13,2026/03/01,F05,김영철의 파워FM,0700,김영철의 파워FM,"김젬마, 정상근 / B1A4","오늘의 표현, 피터의 진짜 영국식 영어, 영철본색, 영철이가 쏜다! 빵야빵야!!, Cheer up 쏭~, 무식탈출 영철쇼, 사연과 신청곡","무식탈출 영철쇼-문학여행, 철파엠스페셜",61365,66003,-7.0,,116799,117684,220324,220270,883,1267,-30.3,1.4,6394,3267,95.7,10.4,7.7,11.0,-3.3,16.9,16.0,0.9,55810,47163,84.5,83.5,1.0,69.80,70.90,-1.1,63.73,68.81,-5.1,31.10,33.18,-2.1,21.23,25.19,-4.0,1.7,2.1,-0.4,15.9,0.8,15.1,121876,118247,3.1,6707,6527,2.8,5.5,,,,,,,,13.4,13.3,0.1,,,86.2,86.7,-0.5,70.83,70.10,0.7,27.62,19.67,8.0,4.4,3.4,1.0,4.7,3.4,1.3,220061,,,15015,,,6.8,,,,,,,,,,,,,83.4,,,79.72,,,3.52,,,3.3,,,0.1,,,51122,48068,117087
2026/04/23,2026/04/13,2026/03/01,F06,아름다운 이 아침 봉태규입니다,0900,"아름다운 이 아침, 봉태규입니다",송하빈,"사연과 신청곡(1~2부), 사연의제목을입력하세요(1부)","오늘의 문자는 커피가 된다(2부), 비공감 댓글(3~4부)",41198,43333,-4.9,,101146,102750,212589,215541,879,1022,-14.0,2.1,4340,2005,116.5,10.5,5.1,7.2,-2.1,17.9,18.0,-0.1,37376,32704,87.5,87.0,0.5,60.84,61.10,-0.3,56.57,58.79,-2.2,32.53,31.03,1.5,21.43,22.07,-0.6,1.1,1.3,-0.2,22.1,0.9,21.2,100838,100442,0.4,6100,6701,-9.0,6.0,,,,,,,,14.5,14.6,-0.1,,,86.7,86.6,0.1,62.35,61.87,0.5,19.80,16.63,3.2,1.8,2.0,-0.2,5.5,2.7,2.8,218497,,,15309,,,7.0,,,,,,,,,,,,,84.8,,,76.73,,,1.69,,,1.9,,,0.1,,,37436,37156,103461
2026/04/23,2026/04/13,2026/03/01,F07,박하선의 씨네타운,1100,박하선의 씨네타운,"하지형, 문유정 성우",,릴스무비,28157,29074,-3.2,,70587,71707,161531,162587,702,710,-1.1,2.5,2480,1070,131.8,8.8,4.0,5.2,-1.2,16.6,16.6,0.0,25593,22445,87.7,88.0,-0.3,58.73,58.89,-0.2,55.58,57.10,-1.5,30.67,33.02,-2.4,24.23,21.86,2.4,0.4,0.6,-0.2,25.1,1.1,24.0,70808,70832,0.0,4446,4902,-9.3,6.3,,,,,,,,13.9,14.0,-0.1,,,85.0,85.0,0.0,58.15,57.52,0.6,16.79,13.66,3.1,1.2,1.2,0.0,5.9,2.5,3.4,166013,,,10397,,,6.3,,,,,,,,,,,,,82.9,,,72.48,,,1.05,,,1.0,,,0.1,,,24936,24953,72603
2026/04/23,2026/04/13,2026/03/01,F08,12시엔 주현영,1200,12시엔 주현영,"하이어 뮤직 (pH-1, 릴보이, 우디고차일드, 빅나티)","별다뉴(4부), 시크릿 주주(1부), 사연과 신청곡","주터뷰(2~3부), 주퀴즈 오예스(4부)",34901,35861,-2.7,,88696,89863,205175,206381,1135,1051,8.0,3.3,3529,1428,147.1,10.1,4.4,5.3,-0.9,19.8,19.1,0.7,30504,26028,85.3,86.1,-0.8,56.03,56.71,-0.7,53.25,54.53,-1.3,21.72,29.38,-7.7,22.36,18.38,4.0,0.8,0.8,0.0,20.5,0.9,19.6,89567,89983,-0.5,6385,7063,-9.6,7.1,,,,,,,,16.2,16.7,-0.5,,,83.0,82.5,0.5,57.21,56.78,0.4,17.70,13.67,4.0,1.4,1.5,-0.1,5.2,2.3,2.9,211013,,,17086,,,8.1,,,,,,,,,,,,,80.8,,,73.17,,,1.40,,,1.3,,,0.1,,,30720,30925,91526
2026/04/23,2026/04/13,2026/03/01,F09,두시탈출 컬투쇼,1400,두시탈출 컬투쇼,"DJ 이종혁 / 남보라, 김수찬","모시는 사연, 사연과 신청곡","미니초대석(1부), 사랑의 고스톱(3~4부), 굳이&amp;구질(2부)",43605,45262,-3.7,,107275,109940,242480,243321,1247,1505,-17.1,2.9,5707,2449,133.0,13.1,6.0,7.4,-1.4,21.9,22.7,-0.8,40055,35917,89.7,89.3,0.4,58.80,57.92,0.9,54.58,56.51,-1.9,30.31,28.21,2.1,21.26,20.58,0.7,1.4,1.5,-0.1,17.4,0.8,16.6,109958,112014,-1.8,9345,10083,-7.3,8.5,,,,,,,,20.4,20.2,0.2,,,88.1,87.2,0.9,58.67,58.92,-0.2,21.01,17.99,3.0,1.9,2.0,-0.1,4.9,3.2,1.7,243807,,,24501,,,10.0,,,,,,,,,,,,,86.6,,,75.04,,,1.45,,,2.2,,,0.1,,,38275,37460,108613
2026/04/23,2026/04/13,2026/03/01,F10,황제파워,1600,황제성의 황제파워,,,,39760,41449,-4.1,,95309,99619,210143,210977,963,1101,-12.5,2.4,4362,1816,140.2,11.0,5.2,5.8,-0.6,19.4,19.9,-0.5,36095,30979,85.8,85.5,0.3,56.14,55.50,0.6,53.03,54.70,-1.7,30.82,26.58,4.2,23.89,21.09,2.8,1.9,1.6,0.3,20.8,1.0,19.8,100232,98570,1.7,6972,7102,-1.8,7.0,,,,,,,,14.8,15.1,-0.3,,,84.6,84.9,-0.3,61.09,60.47,0.6,20.47,16.99,3.5,2.6,2.5,0.1,5.1,2.9,2.2,210984,,,17346,,,8.2,,,,,,,,,,,,,84.0,,,74.77,,,0.80,,,2.6,,,0.1,,,34662,33476,96822
2026/04/23,2026/04/13,2026/03/01,F11,박소현의 러브게임,1800,박소현의 러브게임,,,네버엔딩뮤직,28529,29104,-2.0,,71884,73592,164414,165239,675,802,-15.8,2.4,3300,1321,149.8,11.6,4.9,5.2,-0.3,19.4,19.8,-0.4,25361,20592,81.2,80.0,1.2,50.14,49.51,0.6,46.74,47.31,-0.6,28.13,21.18,7.0,15.71,15.86,-0.1,2.5,1.1,1.4,15.1,0.7,14.4,75648,74199,2.0,5119,5354,-4.4,6.8,,,,,,,,14.3,14.3,0.0,,,82.8,83.1,-0.3,58.69,58.04,0.6,17.11,15.54,1.6,1.7,1.9,-0.2,4.3,2.6,1.7,166988,,,12870,,,7.7,,,,,,,,,,,,,82.4,,,74.18,,,1.21,,,1.8,,,0.1,,,24563,24602,75005
2026/04/23,2026/04/13,2026/03/01,F12,웬디의 영스트리트,2000,웬디의 영스트리트,"김지유, 킹키","사연과 신청곡(1부), Talk To Me(1부), 영스 랩스(4부), 영스 맵스(4부)",메이드 바이 영스(2~3부),13058,13362,-2.3,,43245,42880,118563,118490,458,591,-22.5,3.5,1293,435,197.2,9.9,2.7,2.8,-0.1,21.2,22.7,-1.5,10535,8158,77.4,77.4,0.0,38.27,36.54,1.7,34.31,35.05,-0.7,17.53,13.61,3.9,9.81,13.13,-3.3,1.3,1.2,0.1,9.7,0.3,9.4,43682,43907,-0.5,3600,4971,-27.6,8.2,,,,,,,,18.6,18.1,0.5,,,77.3,77.5,-0.2,44.94,43.90,1.0,8.29,10.38,-2.1,2.2,3.1,-0.9,3.2,1.3,1.9,122293,,,13060,,,10.7,,,,,,,,,,,,,77.2,,,65.19,,,1.16,,,1.7,,,0.1,,,12174,12834,44914
2026/04/23,2026/04/13,2026/03/01,F13,배성재의 텐,2200,배성재의 텐,이종범,"오,좋네 상담소, N들이 사는 세상, 티끌 논쟁",N들이 사는 세상,7005,7148,-2.0,,22854,23558,68013,68512,275,289,-4.8,3.9,637,190,235.3,9.1,2.5,2.3,0.2,17.6,18.2,-0.6,5670,4507,79.5,80.1,-0.6,38.16,37.47,0.7,33.10,33.17,-0.1,17.97,18.89,-0.9,9.34,12.05,-2.7,1.2,1.1,0.1,9.9,0.4,9.5,23577,23803,-0.9,2038,2088,-2.4,8.6,,,,,,,,16.7,16.2,0.5,,,78.6,78.6,0.0,40.73,39.92,0.8,9.39,10.54,-1.1,1.6,1.8,-0.2,2.9,1.6,1.3,68560,,,6049,,,8.8,,,,,,,,,,,,,77.0,,,59.60,,,1.01,,,1.4,,,0.1,,,6550,6781,24261
2026/04/23,2026/04/13,2026/03/01,G00,,,,,,,21741,22895,-5.0,,65524,68996,189857,193037,1015,1075,-5.6,4.7,3193,1338,138.6,14.7,4.6,5.9,-1.3,29.6,28.8,0.8,13276,10457,78.8,78.5,0.3,45.32,45.89,-0.6,39.82,39.96,-0.1,9.49,11.01,-1.5,5.67,9.19,-3.5,0.3,0.3,0.0,0.0,0.0,0.0,68784,70346,-2.2,8492,9461,-10.2,12.3,,,,,,,,24.2,23.7,0.5,,,77.7,77.6,0.1,46.13,43.45,2.7,11.49,13.43,-1.9,0.6,0.7,-0.1,1.0,1.0,0.0,195873,,,28223,,,14.4,,,,,,,,,,,,,75.9,,,66.86,,,2.61,,,0.4,,,0.1,,,20913,24317,76539
2026/04/23,2026/04/13,2026/03/01,L00,,,,,,,114070,116235,-1.9,,242450,245157,467044,464994,3754,4008,-6.3,3.3,21604,9667,123.5,18.9,11.7,13.7,-2.0,27.9,27.3,0.6,71252,60095,84.3,84.1,0.2,63.24,63.85,-0.6,59.11,60.72,-1.6,22.89,26.66,-3.8,17.56,20.21,-2.7,2.2,2.4,-0.2,4.4,0.3,4.1,245819,248210,-1.0,27159,29435,-7.7,11.0,,,,,,,,25.7,26.5,-0.8,,,80.7,79.8,0.9,67.46,66.87,0.6,25.78,25.65,0.1,3.4,3.7,-0.3,3.8,3.2,0.6,463475,,,71514,,,15.4,,,,,,,,,,,,,76.5,,,80.67,,,6.79,,,2.8,,,0.3,,,102216,96545,235810
2026/04/23,2026/04/13,2026/03/01,L01,YESTERDAY 20,0000,YESTERDAY 20,,,,5501,5563,-1.1,,17817,18000,48771,49049,152,150,1.3,2.8,267,94,184.0,4.9,1.4,1.6,-0.2,20.8,20.7,0.1,3857,3191,82.7,82.5,0.2,41.33,42.59,-1.3,36.46,36.60,-0.1,11.80,18.67,-6.9,13.33,14.12,-0.8,2.2,2.2,0.0,4.5,0.3,4.2,17440,17687,-1.4,1079,1198,-9.9,6.2,,,,,,,,17.9,19.2,-1.3,,,80.4,80.1,0.3,44.68,42.87,1.8,10.10,10.92,-0.8,3.1,3.1,0.0,1.8,1.1,0.7,49849,,,3233,,,6.5,,,,,,,,,,,,,77.3,,,62.79,,,2.92,,,1.7,,,0.0,,,5391,5561,18167
2026/04/23,2026/04/13,2026/03/01,L02,Love20(재),0200,Love 20,,,,3619,3576,1.2,,11617,11993,31698,31864,98,104,-5.8,2.7,246,76,223.7,6.8,2.0,2.1,-0.1,22.6,20.5,2.1,2960,2584,87.3,88.4,-1.1,42.30,43.08,-0.8,37.30,36.02,1.3,17.20,15.00,2.2,8.65,8.27,0.4,2.0,1.6,0.4,6.9,0.3,6.6,11562,11373,1.7,785,751,4.5,6.8,,,,,,,,16.5,17.0,-0.5,,,86.8,86.8,0.0,45.88,43.66,2.2,9.59,10.77,-1.2,2.5,2.3,0.2,1.0,1.1,-0.1,32345,,,2077,,,6.4,,,,,,,,,,,,,84.3,,,61.50,,,1.27,,,1.2,,,0.0,,,3554,3513,11708
2026/04/23,2026/04/13,2026/03/01,L03,OLDIES 20(재),0400,OLDIES 20,,,,8693,8725,-0.4,,23066,23073,53857,53221,135,131,3.1,1.6,605,239,153.1,7.0,2.8,3.2,-0.4,16.4,15.2,1.2,5783,3664,63.4,64.9,-1.5,49.06,49.99,-0.9,44.87,45.28,-0.4,18.10,15.94,2.2,12.98,11.27,1.7,0.7,0.7,0.0,6.2,0.3,5.9,23456,22800,2.9,1052,1079,-2.5,4.5,,,,,,,,11.5,12.1,-0.6,,,70.5,70.8,-0.3,54.97,53.76,1.2,12.23,11.90,0.3,1.2,1.3,-0.1,2.2,1.2,1.0,52374,,,2320,,,4.4,,,,,,,,,,,,,70.5,,,70.45,,,2.00,,,0.7,,,0.1,,,7547,6942,21749
2026/04/23,2026/04/13,2026/03/01,L04,,,,,,,0,0,,,0,0,0,0,0,0,,,0,0,,,0,0,0.0,,,,0,0,,,,0,0,0.0,0,0,0.0,0,0,0.0,0,0,0.0,0,0,0.0,0,0,0.0,0,0,,0,0,,,,,,,,,,,,,,,,,,0,0,0.0,0,0,0.0,0,0,0.0,0,0,0.0,0,,,0,,,,,,,,,,,,,,,,,,,0,,,0,,,0,,,0,,,0,0,0
2026/04/23,2026/04/13,2026/03/01,L05,고현준의 뉴스 브리핑,0600,고현준의 뉴스 브리핑,"이태연, 이태훈, 김유나","헤이, 고뉴브(1부), 뉴스브리핑 아침 배송(3부)",슬기로운 덕후생활 (2부),21670,22153,-2.2,,38898,38734,75886,75220,185,260,-28.8,0.9,1581,912,73.4,7.3,5.5,7.4,-1.9,13.4,13.0,0.4,18016,15227,84.5,84.6,-0.1,66.49,66.80,-0.3,62.63,64.23,-1.6,30.10,27.20,2.9,21.54,20.76,0.8,0.8,0.7,0.1,8.9,0.4,8.5,41854,40987,2.1,1391,1267,9.8,3.3,,,,,,,,8.9,8.9,0.0,,,85.8,86.0,-0.2,68.34,67.28,1.1,25.73,13.60,12.1,1.1,1.1,0.0,2.5,1.4,1.1,71984,,,2950,,,4.1,,,,,,,,,,,,,81.0,,,80.18,,,2.58,,,1.1,,,0.1,,,15726,14151,36859
2026/04/23,2026/04/13,2026/03/01,L06,김태현의 정치쇼,0700,김태현의 정치쇼,"김도형, 윤희석, 정옥임, 박원석, 강성필",,,41196,42803,-3.8,,80752,81474,168174,167438,560,817,-31.5,1.4,4088,1850,121.0,9.9,6.0,6.4,-0.4,17.9,17.4,0.5,25088,18922,75.4,75.1,0.3,57.93,58.58,-0.6,53.75,56.05,-2.3,19.93,22.19,-2.3,15.06,18.43,-3.4,0.8,0.8,0.0,5.5,0.3,5.2,89788,88481,1.5,4234,3895,8.7,4.7,,,,,,,,12.0,12.1,-0.1,,,74.1,73.8,0.3,65.25,64.56,0.7,23.93,15.26,8.7,1.3,1.2,0.1,1.7,1.2,0.5,161569,,,8973,,,5.6,,,,,,,,,,,,,67.9,,,78.39,,,3.35,,,1.0,,,0.0,,,29581,26537,78586
2026/04/23,2026/04/13,2026/03/01,L07,이숙영의 러브FM,0900,이숙영의 러브FM,이재익,내 안의 그대 (2부),"염승환의 염블리 돈불리(3부), 추가열 : 추억의 가요 열전(참여)(4부), 이러엠 커피타임(1부), 내 안의 그대(참여)(2부)",26285,26890,-2.2,,56686,57897,138012,139173,534,590,-9.5,2.0,2706,1188,127.8,10.3,4.9,5.3,-0.4,21.1,20.5,0.6,19143,15113,78.9,78.3,0.6,51.03,51.49,-0.5,47.59,48.55,-1.0,20.81,19.44,1.4,12.88,13.01,-0.1,1.6,1.6,0.0,7.6,0.3,7.3,64213,64300,-0.1,3354,3525,-4.9,5.2,,,,,,,,13.9,14.7,-0.8,,,77.4,76.8,0.6,56.41,55.33,1.1,16.03,12.15,3.9,2.0,2.0,0.0,1.9,1.0,0.9,137612,,,7888,,,5.7,,,,,,,,,,,,,72.8,,,72.16,,,1.24,,,1.6,,,0.0,,,18776,18040,58693
2026/04/23,2026/04/13,2026/03/01,L08,박연미의 목돈연구소,1100,박연미의 목돈연구소,김유나 / 김인만,,"1타 경제이슈(1부), 부동산연구소(2부)",17788,17777,0.1,,49904,50639,125287,125146,376,359,4.7,2.1,1806,748,141.4,10.2,3.7,4.7,-1.0,19.9,19.4,0.5,14266,12023,84.3,83.5,0.8,49.84,48.98,0.9,46.76,47.34,-0.6,14.45,18.30,-3.9,13.09,13.03,0.1,0.9,1.1,-0.2,8.3,0.3,8.0,50196,49772,0.9,2657,3196,-16.9,5.3,,,,,,,,13.8,15.7,-1.9,,,80.7,81.0,-0.3,52.72,49.63,3.1,12.98,11.49,1.5,1.6,2.8,-1.2,2.4,1.4,1.0,126043,,,7134,,,5.7,,,,,,,,,,,,,76.7,,,68.52,,,1.25,,,1.1,,,0.0,,,15600,15346,49622
2026/04/23,2026/04/13,2026/03/01,L09,유민상의 배고픈 라디오,1200,유민상의 배고픈 라디오,"김지유, 박재민","배고픈 자들이여, 내게 오라","다 새로워질 지니, 배고픈 자들이여, 내게 오라!, 유배라 놀이동산",22107,22405,-1.3,,67969,68053,170625,170140,641,606,5.8,2.9,2268,822,175.9,10.3,3.3,3.7,-0.4,23.2,21.8,1.4,15177,11681,77.0,76.3,0.7,42.55,44.00,-1.5,40.27,40.85,-0.6,12.41,17.22,-4.8,11.22,11.24,0.0,1.5,2.9,-1.4,4.2,0.2,4.0,67857,68578,-1.1,4477,5168,-13.4,6.6,,,,,,,,16.1,17.7,-1.6,,,75.6,74.9,0.7,50.87,48.79,2.1,12.60,11.20,1.4,3.6,3.6,0.0,1.8,0.9,0.9,169514,,,12549,,,7.4,,,,,,,,,,,,,73.1,,,69.40,,,2.06,,,2.2,,,0.0,,,19883,19256,66459
2026/04/23,2026/04/13,2026/03/01,L10,그대의 오후 정엽입니다,1400,"그대의 오후, 정엽입니다",일주어터 김주연,,"밥과 음악사이, 별이 다섯 개",20133,20646,-2.5,,67645,69263,181061,180447,566,717,-21.1,2.8,2372,790,200.3,11.8,3.3,3.4,-0.1,26.0,26.1,-0.1,11628,8971,77.1,77.6,-0.5,37.27,38.00,-0.7,34.62,35.92,-1.3,11.24,13.97,-2.7,8.65,8.96,-0.3,1.1,1.5,-0.4,4.5,0.1,4.4,68877,71332,-3.4,5420,6312,-14.1,7.9,,,,,,,,19.9,20.3,-0.4,,,73.5,72.1,1.4,45.76,45.68,0.1,13.45,12.94,0.5,1.8,1.9,-0.1,1.1,0.7,0.4,176544,,,15276,,,8.7,,,,,,,,,,,,,70.4,,,67.06,,,2.00,,,1.1,,,0.0,,,18583,17592,65476
2026/04/23,2026/04/13,2026/03/01,L11,인생은 오디션,1600,인생은 오디션,,,뻔뻔한 퀴즈,10344,10750,-3.8,,29604,30762,90852,89955,260,322,-19.3,2.5,737,273,170.0,7.1,2.0,2.0,0.0,22.9,21.6,1.3,6171,4585,74.3,71.9,2.4,31.64,32.28,-0.6,29.18,29.76,-0.6,10.59,14.01,-3.4,7.45,6.33,1.1,2.4,2.4,0.0,2.4,0.2,2.2,34822,35371,-1.6,1949,2105,-7.4,5.6,,,,,,,,13.6,14.4,-0.8,,,67.2,66.3,0.9,40.70,41.17,-0.5,10.97,9.32,1.7,2.0,2.2,-0.2,1.1,0.5,0.6,85670,,,4871,,,5.7,,,,,,,,,,,,,69.4,,,62.14,,,1.02,,,1.3,,,0.0,,,7756,7703,30271
2026/04/23,2026/04/13,2026/03/01,L12,6시 저녁바람 김창완입니다,1800,6시 저녁바람 김창완입니다,홍이삭,,,17023,16630,2.4,,51914,52846,135070,133873,677,444,52.5,4.0,1906,652,192.3,11.2,3.4,3.4,0.0,24.0,23.3,0.7,10280,7331,71.3,71.4,-0.1,36.15,35.60,0.5,33.79,33.23,0.6,10.28,12.72,-2.4,7.66,9.01,-1.3,2.5,1.9,0.6,3.9,0.2,3.7,53733,54060,-0.6,3498,4384,-20.2,6.5,,,,,,,,16.3,15.6,0.7,,,70.5,70.0,0.5,48.21,48.30,-0.1,11.06,13.12,-2.1,2.3,2.6,-0.3,1.6,0.7,0.9,131781,,,9419,,,7.1,,,,,,,,,,,,,68.4,,,68.42,,,2.31,,,1.5,,,0.0,,,14709,13813,50607
2026/04/23,2026/04/13,2026/03/01,L13,편상욱의 뉴스직격,1700,편상욱의 뉴스직격,"조응천, 김근식, 전연주",,,10673,10946,-2.5,,29290,30804,87581,87540,233,287,-18.8,2.2,773,287,169.3,7.2,2.2,2.1,0.1,21.1,22.0,-0.9,6071,4374,72.0,71.3,0.7,32.30,31.93,0.4,30.29,30.41,-0.1,8.49,12.59,-4.1,9.41,6.56,2.9,1.3,1.3,0.0,4.1,0.2,3.9,34965,34117,2.5,1784,1776,0.5,5.1,,,,,,,,12.3,12.9,-0.6,,,66.2,66.5,-0.3,43.47,42.25,1.2,11.60,7.98,3.6,1.5,1.6,-0.1,0.9,0.5,0.4,83895,,,4218,,,5.0,,,,,,,,,,,,,64.0,,,63.80,,,1.05,,,0.8,,,0.0,,,7945,7599,30382
2026/04/23,2026/04/13,2026/03/01,L14,김윤상의 뮤직투나잇,2000,김윤상의 뮤직투나잇,,,"추억소환, 그날 우리는, 오늘의 일기",10540,10717,-1.7,,37066,37153,105679,104470,362,370,-2.2,3.4,1028,288,256.9,9.8,2.4,2.1,0.3,22.5,23.0,-0.5,6857,4978,72.6,72.6,0.0,33.75,33.05,0.7,29.92,30.51,-0.6,10.69,10.11,0.6,5.14,7.00,-1.9,2.5,2.1,0.4,3.3,0.1,3.2,37398,37905,-1.3,2825,3925,-28.0,7.6,,,,,,,,18.4,18.5,-0.1,,,71.6,70.1,1.5,41.17,40.56,0.6,6.85,9.55,-2.7,2.9,3.1,-0.2,1.0,0.5,0.5,105605,,,9923,,,9.4,,,,,,,,,,,,,67.7,,,62.25,,,2.48,,,1.7,,,0.1,,,9939,9666,36121
2026/04/23,2026/04/13,2026/03/01,L15,음악이 흐르는 밤 박은경입니다,2200,"음악이 흐르는 밤, 박은경입니다",,,,9088,9498,-4.3,,29692,30224,83336,82575,353,375,-5.9,3.9,891,247,260.7,9.8,2.7,2.4,0.3,18.6,17.3,1.3,6397,5044,78.8,77.0,1.8,39.66,39.58,0.1,33.59,34.53,-0.9,11.39,15.30,-3.9,9.07,10.15,-1.1,2.7,3.2,-0.5,3.9,0.2,3.7,30371,30955,-1.9,2504,2932,-14.6,8.2,,,,,,,,19.2,20.4,-1.2,,,75.7,74.7,1.0,43.17,42.97,0.2,10.23,12.83,-2.6,3.4,3.8,-0.4,1.9,1.2,0.7,81588,,,7702,,,9.4,,,,,,,,,,,,,72.8,,,62.80,,,2.26,,,2.3,,,0.1,,,8746,8970,29692
2026/04/23,2026/04/13,2026/03/01,M05,김선재의 책하고놀자,0600,,,,,0,0,,,12057,11712,29648,28518,0,0,,,0,0,,,0.0,0,0.0,,,,0,0,,,,0,0,0.0,0,0,0.0,0,0,0.0,0,0,0.0,0,0,0.0,0,0.0,0.0,8199,7980,2.7,322,402,-19.9,3.9,,,,,,,,8.1,7.2,0.9,,,72.7,72.7,0.0,34.22,35.19,-1.0,3.48,6.96,-3.5,1.1,1.0,0.1,0.0,0.0,0.0,28566,,,705,,,2.5,,,,,,,,,,,,,70.1,,,59.43,,,1.00,,,0.5,,,0.0,,,2009,1758,9224
2026/04/23,2026/04/13,2026/03/01,M07,최영주의 러브FM,0900,,,,,0,0,,,30452,30605,78730,77974,0,0,,,0,0,,,0.0,0,0.0,,,,0,0,,,,0,0,0.0,0,0,0.0,0,0,0.0,0,0,0.0,0,0,0.0,0,0.0,0.0,19058,19225,-0.9,975,1439,-32.2,5.1,,,,,,,,11.9,12.6,-0.7,,,72.0,71.2,0.8,29.75,30.30,-0.6,4.17,11.43,-7.3,2.8,3.2,-0.4,0.0,0.0,0.0,81646,,,2952,,,3.6,,,,,,,,,,,,,73.0,,,60.28,,,1.65,,,1.4,,,0.0,,,5016,4969,25948
2026/04/23,2026/04/13,2026/03/01,M10,DJ래피의 드라이브 뮤직,0700,,,,,0,0,,,27749,27412,67914,66834,0,0,,,0,0,,,0.0,0,0.0,,,,0,0,,,,0,0,0.0,0,0,0.0,0,0,0.0,0,0,0.0,0,0,0.0,0,0.0,0.0,18508,18620,-0.6,789,1156,-31.7,4.3,,,,,,,,10.3,10.5,-0.2,,,75.8,75.6,0.2,34.00,35.16,-1.2,3.20,11.16,-8.0,2.7,2.7,0.0,0.0,0.0,0.0,68681,,,2299,,,3.3,,,,,,,,,,,,,72.0,,,61.56,,,2.71,,,1.5,,,0.0,,,4664,4381,22893
2026/04/23,2026/04/13,2026/03/01,M11,DJ래피의 드라이브 뮤직,1600,,,,,0,0,,,19400,19654,56376,56096,0,0,,,0,0,,,0.0,0,0.0,,,,0,0,,,,0,0,0.0,0,0,0.0,0,0,0.0,0,0,0.0,0,0,0.0,0,0.0,0.0,11201,11478,-2.4,832,1154,-27.9,7.4,,,,,,,,14.5,14.1,0.4,,,68.3,68.8,-0.5,20.28,21.09,-0.8,2.34,7.32,-5.0,3.3,3.7,-0.4,0.0,0.0,0.0,59731,,,2767,,,4.6,,,,,,,,,,,,,67.6,,,49.30,,,0.65,,,1.4,,,0.0,,,3084,3058,16395
2026/04/23,2026/04/13,2026/03/01,P00,,,,,,,8607,8961,-4.0,,27384,28011,85106,85599,283,364,-22.3,3.3,830,328,153.0,9.6,2.6,3.2,-0.6,24.0,23.6,0.4,4400,3351,76.2,75.7,0.5,37.74,37.98,-0.2,33.22,33.47,-0.2,8.60,12.32,-3.7,6.04,8.26,-2.2,0.8,0.7,0.1,0.0,0.0,0.0,29309,29801,-1.7,2428,3017,-19.5,8.3,,,,,,,,17.8,18.0,-0.2,,,73.1,73.4,-0.3,39.17,38.35,0.8,9.94,10.57,-0.6,1.2,1.3,-0.1,1.1,0.7,0.4,84878,,,7870,,,9.3,,,,,,,,,,,,,68.5,,,57.24,,,1.95,,,0.6,,,0.0,,,7616,7463,28253
2026/04/23,2026/04/13,2026/03/01,T00,,,,,,,189535,194339,-2.5,,350344,355436,638000,637479,6947,7348,-5.5,3.7,37504,18710,100.4,19.8,16.1,21.2,-5.1,27.6,27.3,0.3,173594,158859,91.5,91.0,0.5,72.18,72.45,-0.3,67.72,69.69,-2.0,26.00,28.84,-2.8,20.58,23.11,-2.5,3.1,3.1,0.0,9.5,0.6,8.9,356090,355675,0.1,47317,48431,-2.3,13.3,,,,,,,,27.9,28.8,-0.9,,,90.9,90.6,0.3,72.05,71.23,0.8,26.17,25.26,0.9,5.4,5.5,-0.1,6.0,5.5,0.5,642740,,,127759,,,19.9,,,,,,,,,,,,,88.4,,,81.68,,,5.54,,,5.0,,,0.4,,,168195,165441,352856
2026/04/24,2026/04/13,2026/03/01,F00,,,,,,,135872,135234,0.5,,277135,282831,527022,524803,5336,4592,16.2,3.9,25608,15421,66.1,18.8,11.8,14.5,-2.7,28.4,29.8,-1.4,119402,108616,91.0,90.9,0.1,66.50,65.12,1.4,63.97,63.66,0.3,24.68,25.89,-1.2,19.47,19.45,0.0,1.9,2.0,-0.1,7.5,6.9,0.6,283146,283695,-0.2,33955,35386,-4.0,12.0,,,,,,,,26.0,25.8,0.2,,,89.8,89.6,0.2,69.14,69.11,0.0,24.92,24.22,0.7,4.4,4.3,0.1,5.6,4.7,0.9,527402,,,90724,,,17.2,,,,,,,,,,,,,87.9,,,80.69,,,4.22,,,4.3,,,0.3,,,123867,120573,278137
2026/04/24,2026/04/13,2026/03/01,F01,딘딘의 뮤직하이,2300,딘딘의 뮤직하이,"슬리피, 벌구","띵커바츄(1부), 사연과 신청곡",냉정과 열정 사이,6350,6433,-1.3,,21749,22465,62954,63624,313,263,19.0,4.9,521,232,124.6,8.2,2.0,2.1,-0.1,9.7,9.9,-0.2,5102,4206,82.4,82.8,-0.4,35.83,35.96,-0.1,32.85,33.24,-0.4,17.29,9.29,8.0,9.89,8.00,1.9,1.4,1.4,0.0,7.3,6.2,1.1,22650,22796,-0.6,2279,2457,-7.2,10.1,,,,,,,,18.3,18.0,0.3,,,82.4,81.4,1.0,42.96,41.65,1.3,9.16,10.74,-1.6,2.1,2.1,0.0,3.6,2.2,1.4,64552,,,7041,,,10.9,,,,,,,,,,,,,80.4,,,59.64,,,0.88,,,1.7,,,0.1,,,6751,6949,22939
2026/04/24,2026/04/13,2026/03/01,F02,애프터 클럽,0100,애프터클럽,DJ 임헌일,,윤덕원의 이웃에 방해가 되지 않는 선에서,3976,3793,4.8,,12364,12852,35657,35809,364,163,123.3,9.2,136,54,151.9,3.4,0.9,0.9,0.0,20.9,21.7,-0.8,3124,2690,86.1,86.3,-0.2,41.53,42.35,-0.8,36.73,35.27,1.5,18.24,20.14,-1.9,11.04,9.81,1.2,0.7,0.8,-0.1,9.7,8.6,1.1,12575,12396,1.4,1100,1173,-6.2,8.7,,,,,,,,18.2,17.6,0.6,,,84.8,84.0,0.8,43.39,42.74,0.6,8.18,10.44,-2.3,1.4,1.5,-0.1,3.4,1.8,1.6,36981,,,3056,,,8.3,,,,,,,,,,,,,82.7,,,58.60,,,0.64,,,1.0,,,0.0,,,3795,3848,12777
2026/04/24,2026/04/13,2026/03/01,F03,파워 스테이션,0300,파워 스테이션 ,,,,3661,3484,5.1,,10549,10969,29570,29772,311,137,127.0,8.5,173,83,108.4,4.7,1.4,1.7,-0.3,17.5,18.1,-0.6,2904,2410,83.0,83.1,-0.1,46.68,46.05,0.6,40.93,39.63,1.3,15.17,16.39,-1.2,11.68,4.63,7.1,0.6,0.7,-0.1,13.8,11.7,2.1,10929,10392,5.2,1006,858,17.2,9.2,,,,,,,,15.6,14.0,1.6,,,84.4,85.0,-0.6,45.48,44.31,1.2,8.74,10.97,-2.2,1.0,0.8,0.2,3.1,1.5,1.6,30312,,,2200,,,7.3,,,,,,,,,,,,,82.4,,,59.80,,,0.62,,,0.6,,,0.0,,,3392,3329,10865
2026/04/24,2026/04/13,2026/03/01,F04,이인권의 펀펀투데이,0500,이인권의 펀펀투데이,원어스 건희,"사연과 신청곡(1부), 목동잉무새(1부), 상처엔 솔솔~잉데카솔(1부)","나만 몰랐던 이야기(2~3부),   ",18608,18277,1.8,,42221,42803,91667,90918,362,364,-0.5,1.9,1389,769,80.6,7.5,3.6,4.4,-0.8,14.9,15.5,-0.6,15860,11866,74.8,74.6,0.2,60.74,59.51,1.2,56.56,57.04,-0.5,31.89,30.96,0.9,22.80,20.04,2.8,0.6,0.6,0.0,8.0,8.4,-0.4,43746,41762,4.8,2166,1979,9.4,5.0,,,,,,,,10.6,10.5,0.1,,,78.7,78.7,0.0,61.85,60.72,1.1,17.79,14.13,3.7,1.6,1.7,-0.1,3.5,1.8,1.7,89279,,,4664,,,5.2,,,,,,,,,,,,,75.7,,,74.33,,,4.08,,,1.5,,,0.0,,,16232,15193,41305
2026/04/24,2026/04/13,2026/03/01,F05,김영철의 파워FM,0700,김영철의 파워FM,"미친감성, 정상근, 피터 / 권진영","오늘의 표현, 피터의 진짜 영국식 영어, 영철본색, 영철이가 쏜다! 빵야빵야!!, Cheer up 쏭~, 무식탈출 영철쇼, 사연과 신청곡","K-razy 리뷰, 그러면 안 돼",59893,60233,-0.6,,116550,119973,220405,220073,993,898,10.6,1.7,6527,3865,68.9,10.9,7.2,8.7,-1.5,18.8,21.6,-2.8,55034,47327,86.0,85.5,0.5,67.80,65.17,2.6,65.53,66.10,-0.6,28.31,25.65,2.7,23.39,20.32,3.1,1.7,2.0,-0.3,9.1,5.7,3.4,121876,118247,3.1,6707,6527,2.8,5.5,,,,,,,,13.4,13.3,0.1,,,86.2,86.7,-0.5,70.83,70.10,0.7,27.62,19.67,8.0,4.4,3.4,1.0,4.7,3.4,1.3,220061,,,15015,,,6.8,,,,,,,,,,,,,83.4,,,79.72,,,3.52,,,3.3,,,0.1,,,51122,48068,117087
2026/04/24,2026/04/13,2026/03/01,F06,아름다운 이 아침 봉태규입니다,0900,"아름다운 이 아침, 봉태규입니다",김도훈 기자,"사연과 신청곡(1~2부), 사연의제목을입력하세요(1부)","오늘의 문자는 커피가 된다(2부), 개인의 취향 타임, 개.취.타(3~4부)",41828,41973,-0.3,,100245,102536,212685,213404,974,896,8.7,2.3,4713,2565,83.7,11.3,5.3,6.6,-1.3,19.9,20.7,-0.8,37792,32922,87.1,86.9,0.2,60.13,59.06,1.1,56.64,56.59,0.0,31.51,29.84,1.7,25.67,20.02,5.7,0.9,0.9,0.0,9.8,7.1,2.7,100838,100442,0.4,6100,6701,-9.0,6.0,,,,,,,,14.5,14.6,-0.1,,,86.7,86.6,0.1,62.35,61.87,0.5,19.80,16.63,3.2,1.8,2.0,-0.2,5.5,2.7,2.8,218497,,,15309,,,7.0,,,,,,,,,,,,,84.8,,,76.73,,,1.69,,,1.9,,,0.1,,,37436,37156,103461
2026/04/24,2026/04/13,2026/03/01,F07,박하선의 씨네타운,1100,박하선의 씨네타운,김소미 기자,,위클리매거진,27462,28034,-2.0,,70178,72020,161042,162443,666,672,-0.9,2.4,2465,1397,76.4,9.0,3.7,4.9,-1.2,18.4,18.5,-0.1,25091,22115,88.1,88.1,0.0,57.39,57.22,0.2,54.71,55.99,-1.3,33.05,30.85,2.2,25.74,22.89,2.8,0.3,0.4,-0.1,10.7,9.8,0.9,70808,70832,0.0,4446,4902,-9.3,6.3,,,,,,,,13.9,14.0,-0.1,,,85.0,85.0,0.0,58.15,57.52,0.6,16.79,13.66,3.1,1.2,1.2,0.0,5.9,2.5,3.4,166013,,,10397,,,6.3,,,,,,,,,,,,,82.9,,,72.48,,,1.05,,,1.0,,,0.1,,,24936,24953,72603
2026/04/24,2026/04/13,2026/03/01,F08,12시엔 주현영,1200,12시엔 주현영,"박소영, 최성민","별다뉴(4부), 시크릿 주주(1부), 사연과 신청곡","매일이 시트콤(2~3부), 주퀴즈 오예스(4부)",34297,34382,-0.2,,88479,89881,205097,206060,1074,990,8.5,3.1,3608,1923,87.6,10.5,4.2,5.1,-0.9,21.6,21.0,0.6,29979,25851,86.2,86.2,0.0,54.91,55.01,-0.1,52.34,52.88,-0.5,24.05,28.64,-4.6,19.39,21.56,-2.2,0.6,0.7,-0.1,8.0,7.8,0.2,89567,89983,-0.5,6385,7063,-9.6,7.1,,,,,,,,16.2,16.7,-0.5,,,83.0,82.5,0.5,57.21,56.78,0.4,17.70,13.67,4.0,1.4,1.5,-0.1,5.2,2.3,2.9,211013,,,17086,,,8.1,,,,,,,,,,,,,80.8,,,73.17,,,1.40,,,1.3,,,0.1,,,30720,30925,91526
2026/04/24,2026/04/13,2026/03/01,F09,두시탈출 컬투쇼,1400,두시탈출 컬투쇼," 안태규(드래곤포니) / 노영주 / 남호연, 이재율","모시는 사연, 사연과 신청곡","미니초대석(1부), 줄노래(2부), 망.구.구.(3~4부)",42710,42528,0.4,,106624,109713,242735,243301,1313,1314,-0.1,3.1,5696,3097,83.9,13.3,5.6,6.6,-1.0,24.3,25.5,-1.2,38810,34859,89.8,90.5,-0.7,55.78,54.55,1.2,52.74,52.63,0.1,28.95,26.38,2.6,20.32,19.80,0.5,0.6,0.6,0.0,8.2,7.0,1.2,109958,112014,-1.8,9345,10083,-7.3,8.5,,,,,,,,20.4,20.2,0.2,,,88.1,87.2,0.9,58.67,58.92,-0.2,21.01,17.99,3.0,1.9,2.0,-0.1,4.9,3.2,1.7,243807,,,24501,,,10.0,,,,,,,,,,,,,86.6,,,75.04,,,1.45,,,2.2,,,0.1,,,38275,37460,108613
2026/04/24,2026/04/13,2026/03/01,F10,황제파워,1600,황제성의 황제파워,,,,38131,38566,-1.1,,94573,99093,209916,210968,943,981,-3.9,2.5,4268,2335,82.8,11.2,4.7,5.3,-0.6,20.5,21.1,-0.6,34630,29794,86.0,85.9,0.1,53.73,52.99,0.7,51.22,50.92,0.3,32.09,30.06,2.0,22.53,18.95,3.6,1.5,1.3,0.2,9.6,7.9,1.7,100232,98570,1.7,6972,7102,-1.8,7.0,,,,,,,,14.8,15.1,-0.3,,,84.6,84.9,-0.3,61.09,60.47,0.6,20.47,16.99,3.5,2.6,2.5,0.1,5.1,2.9,2.2,210984,,,17346,,,8.2,,,,,,,,,,,,,84.0,,,74.77,,,0.80,,,2.6,,,0.1,,,34662,33476,96822
2026/04/24,2026/04/13,2026/03/01,F11,박소현의 러브게임,1800,박소현의 러브게임,"장준, 해지대지",,우리만의 자유로운 차트,25968,26397,-1.6,,71855,73884,163883,165056,589,722,-18.4,2.3,3153,1631,93.3,12.1,4.2,4.5,-0.3,21.9,22.1,-0.2,23056,18721,81.2,80.8,0.4,44.95,44.75,0.2,43.44,44.71,-1.3,23.56,19.20,4.4,17.59,18.40,-0.8,0.9,0.8,0.1,9.8,8.9,0.9,75648,74199,2.0,5119,5354,-4.4,6.8,,,,,,,,14.3,14.3,0.0,,,82.8,83.1,-0.3,58.69,58.04,0.6,17.11,15.54,1.6,1.7,1.9,-0.2,4.3,2.6,1.7,166988,,,12870,,,7.7,,,,,,,,,,,,,82.4,,,74.18,,,1.21,,,1.8,,,0.1,,,24563,24602,75005
2026/04/24,2026/04/13,2026/03/01,F12,웬디의 영스트리트,2000,웬디의 영스트리트,,"사연과 신청곡(1부), Talk To Me(1부), 영스 랩스(4부), 영스 맵스(4부)","선곡, 플리&apos;s(2~3부)",11855,11897,-0.4,,43217,43025,118030,118131,457,484,-5.6,3.9,1190,564,111.0,10.0,2.3,2.5,-0.2,22.7,22.5,0.2,9494,7370,77.6,77.7,-0.1,33.74,33.21,0.5,32.20,31.89,0.3,19.21,13.03,6.2,9.09,8.66,0.4,1.6,1.3,0.3,8.8,6.7,2.1,43682,43907,-0.5,3600,4971,-27.6,8.2,,,,,,,,18.6,18.1,0.5,,,77.3,77.5,-0.2,44.94,43.90,1.0,8.29,10.38,-2.1,2.2,3.1,-0.9,3.2,1.3,1.9,122293,,,13060,,,10.7,,,,,,,,,,,,,77.2,,,65.19,,,1.16,,,1.7,,,0.1,,,12174,12834,44914
2026/04/24,2026/04/13,2026/03/01,F13,배성재의 텐,2200,배성재의 텐,정예인,"오,좋네 상담소, N들이 사는 세상, 티끌 논쟁",티끌 논쟁,6357,6291,1.0,,22872,23592,67813,68388,238,222,7.2,3.7,578,245,135.9,9.1,2.0,2.0,0.0,20.2,19.2,1.0,5193,4129,79.5,80.7,-1.2,32.79,31.80,1.0,31.43,30.70,0.7,16.00,11.76,4.2,9.91,10.03,-0.1,0.9,1.0,-0.1,8.7,6.1,2.6,23577,23803,-0.9,2038,2088,-2.4,8.6,,,,,,,,16.7,16.2,0.5,,,78.6,78.6,0.0,40.73,39.92,0.8,9.39,10.54,-1.1,1.6,1.8,-0.2,2.9,1.6,1.3,68560,,,6049,,,8.8,,,,,,,,,,,,,77.0,,,59.60,,,1.01,,,1.4,,,0.1,,,6550,6781,24261
2026/04/24,2026/04/13,2026/03/01,G00,,,,,,,21334,21621,-1.3,,65316,68954,189449,192665,1128,1066,5.8,5.3,3304,1703,94.0,15.5,4.4,5.3,-0.9,31.3,31.3,0.0,12892,10157,78.8,78.0,0.8,43.52,43.43,0.1,38.70,37.79,0.9,9.06,12.93,-3.9,4.88,7.42,-2.5,0.3,0.4,-0.1,0.0,0.2,-0.2,68784,70346,-2.2,8492,9461,-10.2,12.3,,,,,,,,24.2,23.7,0.5,,,77.7,77.6,0.1,46.13,43.45,2.7,11.49,13.43,-1.9,0.6,0.7,-0.1,1.0,1.0,0.0,195873,,,28223,,,14.4,,,,,,,,,,,,,75.9,,,66.86,,,2.61,,,0.4,,,0.1,,,20913,24317,76539
2026/04/24,2026/04/13,2026/03/01,L00,,,,,,,113768,110520,2.9,,243282,245235,467957,464706,3953,3641,8.6,3.5,22257,12461,78.6,19.6,11.3,12.8,-1.5,29.9,30.3,-0.4,69419,58142,83.8,83.4,0.4,62.10,61.19,0.9,59.44,58.06,1.4,20.09,24.70,-4.6,16.95,17.90,-0.9,2.0,2.4,-0.4,2.9,3.2,-0.3,245819,248210,-1.0,27159,29435,-7.7,11.0,,,,,,,,25.7,26.5,-0.8,,,80.7,79.8,0.9,67.46,66.87,0.6,25.78,25.65,0.1,3.4,3.7,-0.3,3.8,3.2,0.6,463475,,,71514,,,15.4,,,,,,,,,,,,,76.5,,,80.67,,,6.79,,,2.8,,,0.3,,,102216,96545,235810
2026/04/24,2026/04/13,2026/03/01,L01,YESTERDAY 20,0000,YESTERDAY 20,,,,5566,5674,-1.9,,17633,17890,48873,49072,244,176,38.6,4.4,284,140,102.9,5.1,1.4,1.8,-0.4,22.7,22.5,0.2,3829,3114,81.3,81.8,-0.5,40.74,42.15,-1.4,34.86,35.94,-1.1,11.18,10.67,0.5,7.95,10.77,-2.8,2.3,2.4,-0.1,6.5,4.1,2.4,17440,17687,-1.4,1079,1198,-9.9,6.2,,,,,,,,17.9,19.2,-1.3,,,80.4,80.1,0.3,44.68,42.87,1.8,10.10,10.92,-0.8,3.1,3.1,0.0,1.8,1.1,0.7,49849,,,3233,,,6.5,,,,,,,,,,,,,77.3,,,62.79,,,2.92,,,1.7,,,0.0,,,5391,5561,18167
2026/04/24,2026/04/13,2026/03/01,L02,Love20(재),0200,Love 20,,,,3732,3630,2.8,,11576,11874,31794,31759,288,87,231.0,7.7,262,155,69.0,7.0,2.0,3.1,-1.1,22.1,21.7,0.4,2910,2552,87.7,88.3,-0.6,41.75,43.09,-1.3,35.43,37.19,-1.8,11.22,7.69,3.5,8.05,4.70,3.4,1.9,1.8,0.1,6.1,5.9,0.2,11562,11373,1.7,785,751,4.5,6.8,,,,,,,,16.5,17.0,-0.5,,,86.8,86.8,0.0,45.88,43.66,2.2,9.59,10.77,-1.2,2.5,2.3,0.2,1.0,1.1,-0.1,32345,,,2077,,,6.4,,,,,,,,,,,,,84.3,,,61.50,,,1.27,,,1.2,,,0.0,,,3554,3513,11708
2026/04/24,2026/04/13,2026/03/01,L03,OLDIES 20(재),0400,OLDIES 20,,,,8979,8467,6.0,,23015,23034,54066,53315,281,161,74.5,3.1,607,319,90.3,6.8,2.6,3.1,-0.5,17.3,17.2,0.1,5813,3702,63.7,64.5,-0.8,49.19,47.92,1.3,44.97,44.81,0.2,17.04,17.56,-0.5,13.66,10.00,3.7,0.8,0.9,-0.1,7.3,4.1,3.2,23456,22800,2.9,1052,1079,-2.5,4.5,,,,,,,,11.5,12.1,-0.6,,,70.5,70.8,-0.3,54.97,53.76,1.2,12.23,11.90,0.3,1.2,1.3,-0.1,2.2,1.2,1.0,52374,,,2320,,,4.4,,,,,,,,,,,,,70.5,,,70.45,,,2.00,,,0.7,,,0.1,,,7547,6942,21749
2026/04/24,2026/04/13,2026/03/01,L04,,,,,,,0,0,,,0,0,0,0,0,0,,,0,0,,,0,0,0.0,,,,0,0,,,,0,0,0.0,0,0,0.0,0,0,0.0,0,0,0.0,0,0,0.0,0,0,0.0,0,0,,0,0,,,,,,,,,,,,,,,,,,0,0,0.0,0,0,0.0,0,0,0.0,0,0,0.0,0,,,0,,,,,,,,,,,,,,,,,,,0,,,0,,,0,,,0,,,0,0,0
2026/04/24,2026/04/13,2026/03/01,L05,고현준의 뉴스 브리핑,0600,고현준의 뉴스 브리핑,"강현구, 허남설, 김상민","헤이, 고뉴브(1부), 뉴스브리핑 아침 배송(3부)", 꼬리에 꼬리를 무는 뉴스 (2부),21826,21259,2.7,,38207,38629,76168,75319,197,202,-2.5,0.9,1692,1062,59.3,7.8,5.4,6.2,-0.8,14.4,14.9,-0.5,17931,15164,84.6,84.7,-0.1,66.21,64.55,1.7,62.41,62.75,-0.3,24.86,24.23,0.6,24.75,18.71,6.0,0.7,0.7,0.0,0,0,0.0,41854,40987,2.1,1391,1267,9.8,3.3,,,,,,,,8.9,8.9,0.0,,,85.8,86.0,-0.2,68.34,67.28,1.1,25.73,13.60,12.1,1.1,1.1,0.0,2.5,1.4,1.1,71984,,,2950,,,4.1,,,,,,,,,,,,,81.0,,,80.18,,,2.58,,,1.1,,,0.1,,,15726,14151,36859
2026/04/24,2026/04/13,2026/03/01,L06,김태현의 정치쇼,0700,김태현의 정치쇼,"노지민, 김도형, 김수민, 송영훈 ",,,40672,39825,2.1,,80452,82234,168314,167525,560,568,-1.4,1.4,4157,2401,73.1,10.2,5.6,5.9,-0.3,20.3,21.9,-1.6,24143,18053,74.8,73.5,1.3,56.53,54.87,1.7,54.31,53.61,0.7,19.82,19.22,0.6,15.67,14.41,1.3,0.8,1.1,-0.3,0,0,0.0,89788,88481,1.5,4234,3895,8.7,4.7,,,,,,,,12.0,12.1,-0.1,,,74.1,73.8,0.3,65.25,64.56,0.7,23.93,15.26,8.7,1.3,1.2,0.1,1.7,1.2,0.5,161569,,,8973,,,5.6,,,,,,,,,,,,,67.9,,,78.39,,,3.35,,,1.0,,,0.0,,,29581,26537,78586
2026/04/24,2026/04/13,2026/03/01,L07,이숙영의 러브FM,0900,이숙영의 러브FM,이재익,내 안의 그대 (2부),"내 안의 그대(참여)(2부), 이우석의 오늘의 메뉴(3부), 이러엠 커피타임(1부), 추가열 : 추억의 가요 열전(참여)(4부)",26510,26028,1.9,,56140,57216,138458,138298,564,514,9.7,2.1,2869,1586,80.9,10.8,4.8,5.1,-0.3,22.5,22.7,-0.2,19076,15203,79.7,79.4,0.3,49.88,49.20,0.7,47.25,46.65,0.6,17.42,17.63,-0.2,13.62,11.84,1.8,1.6,1.6,0.0,0,0,0.0,64213,64300,-0.1,3354,3525,-4.9,5.2,,,,,,,,13.9,14.7,-0.8,,,77.4,76.8,0.6,56.41,55.33,1.1,16.03,12.15,3.9,2.0,2.0,0.0,1.9,1.0,0.9,137612,,,7888,,,5.7,,,,,,,,,,,,,72.8,,,72.16,,,1.24,,,1.6,,,0.0,,,18776,18040,58693
2026/04/24,2026/04/13,2026/03/01,L08,박연미의 목돈연구소,1100,박연미의 목돈연구소,윤슬기 / 홍춘욱,,"돈터뷰(2부), 1타 경제이슈(1부)",17397,17464,-0.4,,49723,50413,125313,125214,316,348,-9.2,1.8,1866,960,94.4,10.7,3.6,4.4,-0.8,21.6,21.8,-0.2,13980,11734,83.9,82.6,1.3,47.70,47.78,-0.1,45.36,45.70,-0.3,16.49,14.76,1.7,13.79,12.78,1.0,0.9,1.0,-0.1,4.2,2.5,1.7,50196,49772,0.9,2657,3196,-16.9,5.3,,,,,,,,13.8,15.7,-1.9,,,80.7,81.0,-0.3,52.72,49.63,3.1,12.98,11.49,1.5,1.6,2.8,-1.2,2.4,1.4,1.0,126043,,,7134,,,5.7,,,,,,,,,,,,,76.7,,,68.52,,,1.25,,,1.1,,,0.0,,,15600,15346,49622
2026/04/24,2026/04/13,2026/03/01,L09,유민상의 배고픈 라디오,1200,유민상의 배고픈 라디오,뮤지션 정모,"배고픈 자들이여, 내게 오라","정모의 레트로 차트쇼, 배고픈 자들이여, 내게 오라!, 유배라 놀이동산",22014,21746,1.2,,67914,67907,170836,170215,564,589,-4.2,2.6,2434,1136,114.3,11.1,3.3,3.7,-0.4,24.3,24.4,-0.1,14841,11362,76.6,75.9,0.7,41.97,41.77,0.2,39.19,39.29,-0.1,10.45,15.51,-5.1,9.51,11.05,-1.5,1.3,2.9,-1.6,2.9,1.6,1.3,67857,68578,-1.1,4477,5168,-13.4,6.6,,,,,,,,16.1,17.7,-1.6,,,75.6,74.9,0.7,50.87,48.79,2.1,12.60,11.20,1.4,3.6,3.6,0.0,1.8,0.9,0.9,169514,,,12549,,,7.4,,,,,,,,,,,,,73.1,,,69.40,,,2.06,,,2.2,,,0.0,,,19883,19256,66459
2026/04/24,2026/04/13,2026/03/01,L10,그대의 오후 정엽입니다,1400,"그대의 오후, 정엽입니다",,,"키워드 선곡, 추억, 사랑만큼..",20842,19978,4.3,,67283,68499,181651,180674,758,673,12.6,3.6,2553,1066,139.5,12.2,3.3,3.3,0.0,27.8,28.8,-1.0,11907,9236,77.6,76.9,0.7,36.83,35.57,1.3,33.84,32.85,1.0,13.43,11.72,1.7,10.10,9.34,0.8,1.1,1.2,-0.1,2.3,1.3,1.0,68877,71332,-3.4,5420,6312,-14.1,7.9,,,,,,,,19.9,20.3,-0.4,,,73.5,72.1,1.4,45.76,45.68,0.1,13.45,12.94,0.5,1.8,1.9,-0.1,1.1,0.7,0.4,176544,,,15276,,,8.7,,,,,,,,,,,,,70.4,,,67.06,,,2.00,,,1.1,,,0.0,,,18583,17592,65476
2026/04/24,2026/04/13,2026/03/01,L11,인생은 오디션,1600,인생은 오디션,,,"인생 한 소절, 주제파악",10759,10606,1.4,,28870,29886,91156,90351,284,295,-3.7,2.6,831,360,130.8,7.7,2.1,1.9,0.2,23.2,23.1,0.1,6378,4551,71.4,70.0,1.4,32.12,30.65,1.5,28.68,26.64,2.0,11.15,12.11,-1.0,8.47,9.31,-0.8,1.5,1.5,0.0,0,0,0.0,34822,35371,-1.6,1949,2105,-7.4,5.6,,,,,,,,13.6,14.4,-0.8,,,67.2,66.3,0.9,40.70,41.17,-0.5,10.97,9.32,1.7,2.0,2.2,-0.2,1.1,0.5,0.6,85670,,,4871,,,5.7,,,,,,,,,,,,,69.4,,,62.14,,,1.02,,,1.3,,,0.0,,,7756,7703,30271
2026/04/24,2026/04/13,2026/03/01,L12,6시 저녁바람 김창완입니다,1800,6시 저녁바람 김창완입니다,,,,15253,15129,0.8,,52489,52931,134882,133874,346,456,-24.1,2.3,1843,818,125.3,12.1,3.0,3.0,0.0,27.6,25.4,2.2,8988,6442,71.7,70.5,1.2,31.85,32.42,-0.6,31.32,30.65,0.7,5.47,12.16,-6.7,9.65,10.91,-1.3,1.7,1.8,-0.1,4.3,1.8,2.5,53733,54060,-0.6,3498,4384,-20.2,6.5,,,,,,,,16.3,15.6,0.7,,,70.5,70.0,0.5,48.21,48.30,-0.1,11.06,13.12,-2.1,2.3,2.6,-0.3,1.6,0.7,0.9,131781,,,9419,,,7.1,,,,,,,,,,,,,68.4,,,68.42,,,2.31,,,1.5,,,0.0,,,14709,13813,50607
2026/04/24,2026/04/13,2026/03/01,L13,편상욱의 뉴스직격,1700,편상욱의 뉴스직격,"김병채, 김종일, 김정현",,,10596,10336,2.5,,28937,30378,87766,87644,212,266,-20.3,2.0,857,380,125.5,8.1,2.2,1.9,0.3,21.9,22.0,-0.1,5812,4024,69.2,69.3,-0.1,31.49,30.22,1.3,28.47,27.54,0.9,9.87,9.76,0.1,6.02,6.82,-0.8,1.5,1.3,0.2,0,0,0.0,34965,34117,2.5,1784,1776,0.5,5.1,,,,,,,,12.3,12.9,-0.6,,,66.2,66.5,-0.3,43.47,42.25,1.2,11.60,7.98,3.6,1.5,1.6,-0.1,0.9,0.5,0.4,83895,,,4218,,,5.0,,,,,,,,,,,,,64.0,,,63.80,,,1.05,,,0.8,,,0.0,,,7945,7599,30382
2026/04/24,2026/04/13,2026/03/01,L14,김윤상의 뮤직투나잇,2000,김윤상의 뮤직투나잇,,,"미스터F의 위로법, 오늘의 일기",9658,9526,1.4,,37018,37048,105456,104322,328,363,-9.6,3.4,899,400,124.8,9.3,1.9,2.1,-0.2,24.7,23.8,0.9,6193,4524,73.1,72.9,0.2,29.43,28.76,0.7,27.97,26.70,1.3,6.08,8.38,-2.3,5.51,5.00,0.5,2.0,2.2,-0.2,3.2,2.5,0.7,37398,37905,-1.3,2825,3925,-28.0,7.6,,,,,,,,18.4,18.5,-0.1,,,71.6,70.1,1.5,41.17,40.56,0.6,6.85,9.55,-2.7,2.9,3.1,-0.2,1.0,0.5,0.5,105605,,,9923,,,9.4,,,,,,,,,,,,,67.7,,,62.25,,,2.48,,,1.7,,,0.1,,,9939,9666,36121
2026/04/24,2026/04/13,2026/03/01,L15,음악이 흐르는 밤 박은경입니다,2200,"음악이 흐르는 밤, 박은경입니다",,,당신의 문장들,8227,8394,-2.0,,29490,30119,83372,82833,292,335,-12.8,3.5,841,337,149.6,10.2,2.3,2.2,0.1,20.6,20.0,0.6,5721,4382,76.6,77.2,-0.6,33.47,32.79,0.7,30.80,29.90,0.9,9.07,8.00,1.1,4.78,6.31,-1.5,2.2,2.5,-0.3,4.0,2.7,1.3,30371,30955,-1.9,2504,2932,-14.6,8.2,,,,,,,,19.2,20.4,-1.2,,,75.7,74.7,1.0,43.17,42.97,0.2,10.23,12.83,-2.6,3.4,3.8,-0.4,1.9,1.2,0.7,81588,,,7702,,,9.4,,,,,,,,,,,,,72.8,,,62.80,,,2.26,,,2.3,,,0.1,,,8746,8970,29692
2026/04/24,2026/04/13,2026/03/01,M05,김선재의 책하고놀자,0600,,,,,0,0,,,12057,11712,29648,28518,0,0,,,0,0,,,0.0,0,0.0,,,,0,0,,,,0,0,0.0,0,0,0.0,0,0,0.0,0,0,0.0,0,0,0.0,0.0,0.0,0.0,8199,7980,2.7,322,402,-19.9,3.9,,,,,,,,8.1,7.2,0.9,,,72.7,72.7,0.0,34.22,35.19,-1.0,3.48,6.96,-3.5,1.1,1.0,0.1,0.0,0.0,0.0,28566,,,705,,,2.5,,,,,,,,,,,,,70.1,,,59.43,,,1.00,,,0.5,,,0.0,,,2009,1758,9224
2026/04/24,2026/04/13,2026/03/01,M07,최영주의 러브FM,0900,,,,,0,0,,,30452,30605,78730,77974,0,0,,,0,0,,,0.0,0,0.0,,,,0,0,,,,0,0,0.0,0,0,0.0,0,0,0.0,0,0,0.0,0,0,0.0,0.0,0.0,0.0,19058,19225,-0.9,975,1439,-32.2,5.1,,,,,,,,11.9,12.6,-0.7,,,72.0,71.2,0.8,29.75,30.30,-0.6,4.17,11.43,-7.3,2.8,3.2,-0.4,0.0,0.0,0.0,81646,,,2952,,,3.6,,,,,,,,,,,,,73.0,,,60.28,,,1.65,,,1.4,,,0.0,,,5016,4969,25948
2026/04/24,2026/04/13,2026/03/01,M10,DJ래피의 드라이브 뮤직,0700,,,,,0,0,,,27749,27412,67914,66834,0,0,,,0,0,,,0.0,0,0.0,,,,0,0,,,,0,0,0.0,0,0,0.0,0,0,0.0,0,0,0.0,0,0,0.0,0.0,0.0,0.0,18508,18620,-0.6,789,1156,-31.7,4.3,,,,,,,,10.3,10.5,-0.2,,,75.8,75.6,0.2,34.00,35.16,-1.2,3.20,11.16,-8.0,2.7,2.7,0.0,0.0,0.0,0.0,68681,,,2299,,,3.3,,,,,,,,,,,,,72.0,,,61.56,,,2.71,,,1.5,,,0.0,,,4664,4381,22893
2026/04/24,2026/04/13,2026/03/01,M11,DJ래피의 드라이브 뮤직,1600,,,,,0,0,,,19400,19654,56376,56096,0,0,,,0,0,,,0.0,0,0.0,,,,0,0,,,,0,0,0.0,0,0,0.0,0,0,0.0,0,0,0.0,0,0,0.0,0.0,0.0,0.0,11201,11478,-2.4,832,1154,-27.9,7.4,,,,,,,,14.5,14.1,0.4,,,68.3,68.8,-0.5,20.28,21.09,-0.8,2.34,7.32,-5.0,3.3,3.7,-0.4,0.0,0.0,0.0,59731,,,2767,,,4.6,,,,,,,,,,,,,67.6,,,49.30,,,0.65,,,1.4,,,0.0,,,3084,3058,16395
2026/04/24,2026/04/13,2026/03/01,P00,,,,,,,8475,8568,-1.1,,27270,28000,85022,85557,278,294,-5.4,3.3,927,441,110.2,10.9,2.7,3.0,-0.3,26.0,26.1,-0.1,4270,3239,75.9,75.7,0.2,36.37,36.08,0.3,32.82,33.04,-0.2,7.77,9.89,-2.1,4.42,6.02,-1.6,0.6,0.8,-0.2,0.0,0.6,-0.6,29309,29801,-1.7,2428,3017,-19.5,8.3,,,,,,,,17.8,18.0,-0.2,,,73.1,73.4,-0.3,39.17,38.35,0.8,9.94,10.57,-0.6,1.2,1.3,-0.1,1.1,0.7,0.4,84878,,,7870,,,9.3,,,,,,,,,,,,,68.5,,,57.24,,,1.95,,,0.6,,,0.0,,,7616,7463,28253
2026/04/24,2026/04/13,2026/03/01,T00,,,,,,,186119,183904,1.2,,351179,355768,640452,636511,8233,6710,22.7,4.4,37659,23328,61.4,20.2,15.0,18.7,-3.7,29.7,30.4,-0.7,168781,155146,91.9,91.8,0.1,70.06,69.32,0.7,67.48,67.00,0.5,23.07,27.16,-4.1,18.94,19.67,-0.7,2.5,2.8,-0.3,6.5,6.6,-0.1,356090,355675,0.1,47317,48431,-2.3,13.3,,,,,,,,27.9,28.8,-0.9,,,90.9,90.6,0.3,72.05,71.23,0.8,26.17,25.26,0.9,5.4,5.5,-0.1,6.0,5.5,0.5,642740,,,127759,,,19.9,,,,,,,,,,,,,88.4,,,81.68,,,5.54,,,5.0,,,0.4,,,168195,165441,352856
"2026/04/25","2026/04/13","2026/03/01",F00,,,,,,,84109,84763,"-0.8",135872,278364,283000,527313,524442,3935,3834,"2.6","4.7",19297,12064,"60.0","22.9","6.9","6.8","0.1","59.4","58.9","0.5",70848,62868,"88.7","88.9","-0.2","35.54","36.00","-0.5","47.92","48.40","-0.5","11.56","15.96","-4.4","15.31","18.10","-2.8","1.7","1.6","0.1","5.4","4.2","1.2",283146,283695,"-0.2",33955,35386,"-4.0","12.0",,,,,,,,"26.0","25.8","0.2",242842,218158,"89.8","89.6","0.2","69.14","69.11","0.0","24.92","24.22","0.7","4.4","4.3","0.1","5.6","4.7","0.9",527402,,,90724,,,"17.2",,,,,,,,,,,437281,384331,"87.9",,,"80.69",,,"4.22",,,"4.3",,,"0.3",,,123867,120573,278137
"2026/04/25","2026/04/13","2026/03/01",F01,"딘딘의 뮤직하이",2300,"딘딘의 뮤직하이",,"띵커바츄(1부), 사연과 신청곡","버디버디",5644,5683,"-0.7",6350,21749,22424,62786,63532,284,327,"-13.1","5.0",551,265,"107.9","9.8","1.9","1.8","0.1","12.9","13.9","-1.0",4561,3738,"82.0","82.1","-0.1","31.89","31.85","0.0","30.83","30.67","0.2","13.10","17.49","-4.4","7.34","7.99","-0.7","1.3","1.4","-0.1","5.2","8.0","-2.8",22650,22796,"-0.6",2279,2457,"-7.2","10.1",,,,,,,,"18.3","18.0","0.3",17258,14214,"82.4","81.4","1.0","42.96","41.65","1.3","9.16","10.74","-1.6","2.1","2.1","0.0","3.6","2.2","1.4",64552,,,7041,,,"10.9",,,,,,,,,,,48070,38625,"80.4",,,"59.64",,,"0.88",,,"1.7",,,"0.1",,,6751,6949,22939
"2026/04/25","2026/04/13","2026/03/01",F02,"애프터 클럽",0100,"애프터클럽","DJ 구름",,"임헌일의 폴링 인 러브",3780,3747,"0.9",3976,12300,12586,35724,35828,194,185,"4.9","5.1",154,69,"123.2","4.1","1.0","0.9","0.1","34.7","29.8","4.9",3077,2625,"85.3","84.9","0.4","36.22","37.73","-1.5","33.41","32.84","0.6","9.07","11.66","-2.6","9.19","9.09","0.1","1.2","1.1","0.1","10.1","9.6","0.5",12575,12396,"1.4",1100,1173,"-6.2","8.7",,,,,,,,"18.2","17.6","0.6",9654,8187,"84.8","84.0","0.8","43.39","42.74","0.6","8.18","10.44","-2.3","1.4","1.5","-0.1","3.4","1.8","1.6",36981,,,3056,,,"8.3",,,,,,,,,,,27114,22428,"82.7",,,"58.60",,,"0.64",,,"1.0",,,"0.0",,,3795,3848,12777
"2026/04/25","2026/04/13","2026/03/01",F03,"파워 스테이션",0300,"파워 스테이션 ",,,,3244,3098,"4.7",3661,10662,10928,29614,29704,116,94,"23.4","3.6",144,76,"89.5","4.4","1.1","1.2","-0.1","32.8","30.6","2.2",2732,2288,"83.7","85.3","-1.6","36.38","38.40","-2.0","38.51","36.50","2.0","8.36","9.49","-1.1","13.83","6.67","7.2","0.6","0.4","0.2","9.8","7.7","2.1",10929,10392,"5.2",1006,858,"17.2","9.2",,,,,,,,"15.6","14.0","1.6",8602,7263,"84.4","85.0","-0.6","45.48","44.31","1.2","8.74","10.97","-2.2","1.0","0.8","0.2","3.1","1.5","1.6",30312,,,2200,,,"7.3",,,,,,,,,,,22830,18823,"82.4",,,"59.80",,,"0.62",,,"0.6",,,"0.0",,,3392,3329,10865
"2026/04/25","2026/04/13","2026/03/01",F04,"이인권의 펀펀투데이",0500,"이인권의 펀펀투데이",,"사연과 신청곡(1부), 목동잉무새(1부), 상처엔 솔솔~잉데카솔(1부)","꼭꼭~ 선곡해~(2부), 쉿! 이거 비밀인데..(3부)",11088,11107,"-0.2",18608,42209,42933,91763,91159,256,323,"-20.7","2.3",978,501,"95.2","8.8","2.0","1.7","0.3","44.6","44.3","0.3",9493,7739,"81.5","80.4","1.1","27.91","28.51","-0.6","41.84","42.49","-0.6","12.43","13.74","-1.3","10.84","14.39","-3.6","0.7","0.7","0.0","7.4","6.2","1.2",43746,41762,"4.8",2166,1979,"9.4","5.0",,,,,,,,"10.6","10.5","0.1",35949,28307,"78.7","78.7","0.0","61.85","60.72","1.1","17.79","14.13","3.7","1.6","1.7","-0.1","3.5","1.8","1.7",89279,,,4664,,,"5.2",,,,,,,,,,,70725,53519,"75.7",,,"74.33",,,"4.08",,,"1.5",,,"0.0",,,16232,15193,41305
"2026/04/25","2026/04/13","2026/03/01",F05,"김영철의 파워FM",0700,"김영철의 파워FM","이석무 /  박슬기, 조혜련","오늘의 표현, 피터의 진짜 영국식 영어, 영철본색, 영철이가 쏜다! 빵야빵야!!, Cheer up 쏭~, 무식탈출 영철쇼, 사연과 신청곡","내맘이야 넘버7, 스담스담",26330,26446,"-0.4",59893,117159,120235,219946,219746,484,604,"-19.9","1.8",3191,1755,"81.8","12.1","2.5","2.0","0.5","58.0","57.7","0.3",23181,19494,"84.1","84.1","0.0","23.54","23.71","-0.2","43.46","43.72","-0.3","7.55","11.14","-3.6","11.26","14.10","-2.8","1.3","1.2","0.1","9.9","4.0","5.9",121876,118247,"3.1",6707,6527,"2.8","5.5",,,,,,,,"13.4","13.3","0.1",107365,92562,"86.2","86.7","-0.5","70.83","70.10","0.7","27.62","19.67","8.0","4.4","3.4","1.0","4.7","3.4","1.3",220061,,,15015,,,"6.8",,,,,,,,,,,187479,156332,"83.4",,,"79.72",,,"3.52",,,"3.3",,,"0.1",,,51122,48068,117087
"2026/04/25","2026/04/13","2026/03/01",F06,"아름다운 이 아침 봉태규입니다",0900,"아름다운 이 아침, 봉태규입니다",,"사연과 신청곡(1~2부), 사연의제목을입력하세요(1부)","사연과 신청곡(1~2부), 해시태규 뮤직(3~4부)",27944,28272,"-1.2",41828,97621,99944,213691,214504,696,748,"-7.0","2.5",3564,1678,"112.4","12.8","3.2","2.6","0.6","57.3","57.1","0.2",24338,20695,"85.0","84.9","0.1","25.98","25.89","0.1","38.61","39.12","-0.5","11.29","11.61","-0.3","15.37","17.26","-1.9","0.6","0.4","0.2","6.5","4.6","1.9",100838,100442,"0.4",6100,6701,"-9.0","6.0",,,,,,,,"14.5","14.6","-0.1",87651,75985,"86.7","86.6","0.1","62.35","61.87","0.5","19.80","16.63","3.2","1.8","2.0","-0.2","5.5","2.7","2.8",218497,,,15309,,,"7.0",,,,,,,,,,,183117,155244,"84.8",,,"76.73",,,"1.69",,,"1.9",,,"0.1",,,37436,37156,103461
"2026/04/25","2026/04/13","2026/03/01",F07,"박하선의 씨네타운",1100,"박하선의 씨네타운",,,"귀를 기울이면",17213,17442,"-1.3",27462,68557,70457,161733,163178,521,503,"3.6","3.0",1809,817,"121.4","10.5","2.2","1.7","0.5","58.1","58.4","-0.3",15294,12649,"82.7","82.7","0.0","23.15","22.59","0.6","34.93","34.38","0.5","13.36","12.20","1.2","15.31","16.13","-0.8","0.9","0.8","0.1","5.5","6.3","-0.8",70808,70832,"0.0",4446,4902,"-9.3","6.3",,,,,,,,"13.9","14.0","-0.1",61403,52207,"85.0","85.0","0.0","58.15","57.52","0.6","16.79","13.66","3.1","1.2","1.2","0.0","5.9","2.5","3.4",166013,,,10397,,,"6.3",,,,,,,,,,,139172,115380,"82.9",,,"72.48",,,"1.05",,,"1.0",,,"0.1",,,24936,24953,72603
"2026/04/25","2026/04/13","2026/03/01",F08,"12시엔 주현영",1200,"12시엔 주현영","효진초이, SS501 허영생＆김규종","별다뉴(4부), 시크릿 주주(1부), 사연과 신청곡","위캔드 &amp; 위캔두(1부), 퍼스널 뮤직 센터(2~3부)",20708,20870,"-0.8",34297,87714,88987,205505,206554,898,772,"16.3","4.3",2470,1169,"111.3","11.9","2.3","1.9","0.4","59.1","59.1","0.0",17337,14039,"81.0","81.7","-0.7","21.99","21.84","0.1","33.78","33.82","0.0","10.15","10.40","-0.2","12.18","14.05","-1.9","0.5","0.6","-0.1","8.1","4.9","3.2",89567,89983,"-0.5",6385,7063,"-9.6","7.1",,,,,,,,"16.2","16.7","-0.5",75154,62352,"83.0","82.5","0.5","57.21","56.78","0.4","17.70","13.67","4.0","1.4","1.5","-0.1","5.2","2.3","2.9",211013,,,17086,,,"8.1",,,,,,,,,,,171951,138922,"80.8",,,"73.17",,,"1.40",,,"1.3",,,"0.1",,,30720,30925,91526
"2026/04/25","2026/04/13","2026/03/01",F09,"두시탈출 컬투쇼",1400,"두시탈출 컬투쇼","랄랄, 김태현(딕펑스), 김재환","모시는 사연, 사연과 신청곡","사랑의 컬센타(3~4부), 빽투더 컬투쇼(1~2부)",23826,23994,"-0.7",42710,106355,109519,243323,243803,1012,926,"9.3","4.2",3638,1828,"99.0","15.3","2.8","2.4","0.4","60.9","60.4","0.5",21305,18411,"86.4","86.3","0.1","20.68","20.66","0.0","33.37","33.66","-0.3","9.82","9.67","0.2","13.17","13.94","-0.8","0.6","0.5","0.1","6.2","4.8","1.4",109958,112014,"-1.8",9345,10083,"-7.3","8.5",,,,,,,,"20.4","20.2","0.2",98669,86942,"88.1","87.2","0.9","58.67","58.92","-0.2","21.01","17.99","3.0","1.9","2.0","-0.1","4.9","3.2","1.7",243807,,,24501,,,"10.0",,,,,,,,,,,211745,183454,"86.6",,,"75.04",,,"1.45",,,"2.2",,,"0.1",,,38275,37460,108613
"2026/04/25","2026/04/13","2026/03/01",F10,"황제파워",1600,"황제성의 황제파워",,,,18795,19237,"-2.3",38131,95632,100064,209476,210637,589,649,"-9.2","3.1",2661,1371,"94.1","14.2","2.3","1.9","0.4","55.8","55.5","0.3",16445,13783,"83.8","83.5","0.3","19.45","19.47","0.0","32.69","32.42","0.3","10.50","10.91","-0.4","13.41","13.03","0.4","1.5","1.6","-0.1","6.8","5.3","1.5",100232,98570,"1.7",6972,7102,"-1.8","7.0",,,,,,,,"14.8","15.1","-0.3",87114,73703,"84.6","84.9","-0.3","61.09","60.47","0.6","20.47","16.99","3.5","2.6","2.5","0.1","5.1","2.9","2.2",210984,,,17346,,,"8.2",,,,,,,,,,,178817,150177,"84.0",,,"74.77",,,"0.80",,,"2.6",,,"0.1",,,34662,33476,96822
"2026/04/25","2026/04/13","2026/03/01",F11,"박소현의 러브게임",1800,"박소현의 러브게임",,,"금주의 인기가요 톱텐",13738,13982,"-1.7",25968,73449,75790,163187,164483,478,469,"1.9","3.5",1818,1025,"77.4","13.2","2.0","1.9","0.1","45.7","45.8","-0.1",11943,9861,"82.6","82.0","0.6","21.33","20.94","0.4","32.28","32.40","-0.1","12.90","10.94","2.0","10.66","12.60","-1.9","0.6","0.8","-0.2","7.0","5.8","1.2",75648,74199,"2.0",5119,5354,"-4.4","6.8",,,,,,,,"14.3","14.3","0.0",64859,53685,"82.8","83.1","-0.3","58.69","58.04","0.6","17.11","15.54","1.6","1.7","1.9","-0.2","4.3","2.6","1.7",166988,,,12870,,,"7.7",,,,,,,,,,,139445,114918,"82.4",,,"74.18",,,"1.21",,,"1.8",,,"0.1",,,24563,24602,75005
"2026/04/25","2026/04/13","2026/03/01",F12,"웬디의 영스트리트",2000,"웬디의 영스트리트","언차일드","사연과 신청곡(1부), Talk To Me(1부), 영스 랩스(4부), 영스 맵스(4부)","영스 뮤직 페스티벌 ‘YMF&apos;(3~4부), 영스엔 아이돌이지(1~2부)",9513,9165,"3.8",11855,43621,43579,117675,117694,535,409,"30.8","5.6",1035,556,"86.2","10.9","1.8","1.9","-0.1","33.7","33.7","0.0",7480,5712,"76.4","78.0","-1.6","25.79","24.83","1.0","28.65","28.76","-0.1","11.16","10.74","0.4","10.02","9.24","0.8","1.4","1.5","-0.1","7.9","5.8","2.1",43682,43907,"-0.5",3600,4971,"-27.6","8.2",,,,,,,,"18.6","18.1","0.5",33540,25939,"77.3","77.5","-0.2","44.94","43.90","1.0","8.29","10.38","-2.1","2.2","3.1","-0.9","3.2","1.3","1.9",122293,,,13060,,,"10.7",,,,,,,,,,,91012,70249,"77.2",,,"65.19",,,"1.16",,,"1.7",,,"0.1",,,12174,12834,44914
"2026/04/25","2026/04/13","2026/03/01",F13,"배성재의 텐",2200,"배성재의 텐","일주어터","오,좋네 상담소, N들이 사는 세상, 티끌 논쟁","먹방월드컵",5099,5098,"0.0",6357,23229,23722,67477,68195,230,242,"-5.0","4.5",501,232,"115.9","9.8","1.6","1.5","0.1","26.9","26.7","0.2",4170,3323,"79.7","77.5","2.2","27.45","27.47","0.0","28.17","27.39","0.8","14.71","15.77","-1.1","10.33","7.58","2.8","1.0","0.9","0.1","4.3","7.0","-2.7",23577,23803,"-0.9",2038,2088,"-2.4","8.6",,,,,,,,"16.7","16.2","0.5",18068,14199,"78.6","78.6","0.0","40.73","39.92","0.8","9.39","10.54","-1.1","1.6","1.8","-0.2","2.9","1.6","1.3",68560,,,6049,,,"8.8",,,,,,,,,,,51606,39752,"77.0",,,"59.60",,,"1.01",,,"1.4",,,"0.1",,,6550,6781,24261
"2026/04/25","2026/04/13","2026/03/01",G00,,,,,,,17124,17449,"-1.9",21334,65377,68680,188487,191998,1021,1007,"1.4","6.0",3199,1856,"72.4","18.7","3.8","4.2","-0.4","53.5","52.6","0.9",9810,7594,"77.4","78.1","-0.7","28.96","29.21","-0.2","31.28","30.70","0.6","6.56","6.94","-0.4","7.15","6.87","0.3","0.4","0.4","0.0","0.0","0.0","0.0",68784,70346,"-2.2",8492,9461,"-10.2","12.3",,,,,,,,"24.2","23.7","0.5",36446,28319,"77.7","77.6","0.1","46.13","43.45","2.7","11.49","13.43","-1.9","0.6","0.7","-0.1","1.0","1.0","0.0",195873,,,28223,,,"14.4",,,,,,,,,,,99523,75516,"75.9",,,"66.86",,,"2.61",,,"0.4",,,"0.1",,,20913,24317,76539
"2026/04/25","2026/04/13","2026/03/01",L00,,,,,,,74277,74018,"0.3",113768,245264,245449,468447,464837,3239,3339,"-3.0","4.4",17878,10989,"62.7","24.1","7.2","7.2","0.0","58.0","57.2","0.8",40783,31821,"78.0","78.1","-0.1","35.89","36.39","-0.5","44.75","44.51","0.2","12.67","16.92","-4.3","14.17","16.94","-2.8","2.2","2.2","0.0","2.7","2.2","0.5",245819,248210,"-1.0",27159,29435,"-7.7","11.0",,,,,,,,"25.7","26.5","-0.8",148237,119629,"80.7","79.8","0.9","67.46","66.87","0.6","25.78","25.65","0.1","3.4","3.7","-0.3","3.8","3.2","0.6",463475,,,71514,,,"15.4",,,,,,,,,,,284316,217387,"76.5",,,"80.67",,,"6.79",,,"2.8",,,"0.3",,,102216,96545,235810
"2026/04/25","2026/04/13","2026/03/01",L01,"YESTERDAY 20",0000,"YESTERDAY 20",,,,5392,5324,"1.3",5566,17471,17615,48994,49106,164,139,"18.0","3.0",279,181,"54.1","5.2","1.3","1.7","-0.4","31.3","30.0","1.3",3672,3005,"81.8","83.8","-2.0","36.44","36.98","-0.5","33.47","31.69","1.8","7.38","9.09","-1.7","12.23","5.86","6.4","2.7","2.3","0.4","7.1","3.2","3.9",17440,17687,"-1.4",1079,1198,"-9.9","6.2",,,,,,,,"17.9","19.2","-1.3",11784,9476,"80.4","80.1","0.3","44.68","42.87","1.8","10.10","10.92","-0.8","3.1","3.1","0.0","1.8","1.1","0.7",49849,,,3233,,,"6.5",,,,,,,,,,,33104,25593,"77.3",,,"62.79",,,"2.92",,,"1.7",,,"0.0",,,5391,5561,18167
"2026/04/25","2026/04/13","2026/03/01",L02,"Love20(재)",0200,"Love 20",,,,3351,3553,"-5.7",3732,11537,11577,31789,31725,91,82,"11.0","2.7",229,141,"62.4","6.8","1.6","2.1","-0.5","34.3","28.7","5.6",2758,2403,"87.1","87.2","-0.1","34.70","39.72","-5.0","33.32","31.74","1.6","4.17","12.64","-8.5","7.32","8.47","-1.2","1.5","1.3","0.2","5.6","1.8","3.8",11562,11373,"1.7",785,751,"4.5","6.8",,,,,,,,"16.5","17.0","-0.5",9046,7856,"86.8","86.8","0.0","45.88","43.66","2.2","9.59","10.77","-1.2","2.5","2.3","0.2","1.0","1.1","-0.1",32345,,,2077,,,"6.4",,,,,,,,,,,24119,20336,"84.3",,,"61.50",,,"1.27",,,"1.2",,,"0.0",,,3554,3513,11708
"2026/04/25","2026/04/13","2026/03/01",L03,"OLDIES 20(재)",0400,"OLDIES 20",,,,5474,5377,"1.8",8979,23543,23178,54118,53337,109,123,"-11.4","2.0",450,265,"69.8","8.2","1.6","1.7","-0.1","42.4","41.9","0.5",3358,2478,"73.8","75.1","-1.3","24.31","25.90","-1.6","33.35","33.57","-0.2","3.56","10.56","-7.0","4.88","11.72","-6.8","1.0","0.9","0.1","5.9","2.0","3.9",23456,22800,"2.9",1052,1079,"-2.5","4.5",,,,,,,,"11.5","12.1","-0.6",15763,11114,"70.5","70.8","-0.3","54.97","53.76","1.2","12.23","11.90","0.3","1.2","1.3","-0.1","2.2","1.2","1.0",52374,,,2320,,,"4.4",,,,,,,,,,,35067,24731,"70.5",,,"70.45",,,"2.00",,,"0.7",,,"0.1",,,7547,6942,21749
"2026/04/25","2026/04/13","2026/03/01",L04,,,,,,,0,0,,0,0,0,0,0,0,0,,,0,0,,,0,0,"0.0",,,,0,0,,,,0,0,"0.0",0,0,"0.0",0,0,"0.0",0,0,"0.0",0,0,"0.0",0,0,"0.0",0,0,,0,0,,,,,,,,,,,,,0,0,,,,0,0,"0.0",0,0,"0.0",0,0,"0.0",0,0,"0.0",0,,,0,,,,,,,,,,,,,,0,0,,,,0,,,0,,,0,,,0,,,0,0,0
"2026/04/25","2026/04/13","2026/03/01",L05,"고현준의 뉴스 브리핑",0600,,,,,0,0,,21826,41791,41854,74797,73973,0,0,,,0,0,,,"0.0","0.0","0.0","54.1","53.6","0.5",0,0,,,,"0.00","0.00","0.0",0,0,"0.0","0.00","0.00","0.0",0,0,"0.0",0,0,"0.0",0,0,"0.0",41854,40987,"2.1",1391,1267,"9.8","3.3",,,,,,,,"8.9","8.9","0.0",31750,27230,"85.8","86.0","-0.2","68.34","67.28","1.1","25.73","13.60","12.1","1.1","1.1","0.0","2.5","1.4","1.1",71984,,,2950,,,"4.1",,,,,,,,,,,51479,41678,"81.0",,,"80.18",,,"2.58",,,"1.1",,,"0.1",,,15726,14151,36859
"2026/04/25","2026/04/13","2026/03/01",L06,"김태현의 정치쇼",0700,,,,,0,0,,40672,88685,89788,165186,164284,0,0,,,0,0,,,"0.0","0.0","0.0","58.1","57.5","0.6",0,0,,,,"0.00","0.00","0.0",0,0,"0.0","0.00","0.00","0.0",0,0,"0.0",0,0,"0.0",0,0,"0.0",89788,88481,"1.5",4234,3895,"8.7","4.7",,,,,,,,"12.0","12.1","-0.1",48756,36116,"74.1","73.8","0.3","65.25","64.56","0.7","23.93","15.26","8.7","1.3","1.2","0.1","1.7","1.2","0.5",161569,,,8973,,,"5.6",,,,,,,,,,,87805,59604,"67.9",,,"78.39",,,"3.35",,,"1.0",,,"0.0",,,29581,26537,78586
"2026/04/25","2026/04/13","2026/03/01",L07,"이숙영의 러브FM",0900,,,,,0,0,,26510,63621,64213,135352,135201,0,0,,,0,0,,,"0.0","0.0","0.0","53.9","53.1","0.8",0,0,,,,"0.00","0.00","0.0",0,0,"0.0","0.00","0.00","0.0",0,0,"0.0",0,0,"0.0",0,0,"0.0",64213,64300,"-0.1",3354,3525,"-4.9","5.2",,,,,,,,"13.9","14.7","-0.8",42816,33124,"77.4","76.8","0.6","56.41","55.33","1.1","16.03","12.15","3.9","2.0","2.0","0.0","1.9","1.0","0.9",137612,,,7888,,,"5.7",,,,,,,,,,,86063,62652,"72.8",,,"72.16",,,"1.24",,,"1.6",,,"0.0",,,18776,18040,58693
"2026/04/25","2026/04/13","2026/03/01",L08,"박연미의 목돈연구소",1100,"박연미의 목돈연구소","이정우 / 박창영",,"문화연구소(1부), 영화연구소(2부)",10584,11053,"-4.2",17397,49089,49866,125974,125950,289,306,"-5.6","2.7",1052,532,"97.7","9.9","1.7","1.5","0.2","53.4","53.0","0.4",7180,5509,"76.7","73.9","2.8","18.75","18.66","0.1","25.69","25.98","-0.3","8.23","6.90","1.3","8.50","7.81","0.7","0.9","0.9","0.0","1.9","1.2","0.7",50196,49772,"0.9",2657,3196,"-16.9","5.3",,,,,,,,"13.8","15.7","-1.9",36054,29104,"80.7","81.0","-0.3","52.72","49.63","3.1","12.98","11.49","1.5","1.6","2.8","-1.2","2.4","1.4","1.0",126043,,,7134,,,"5.7",,,,,,,,,,,81299,62359,"76.7",,,"68.52",,,"1.25",,,"1.1",,,"0.0",,,15600,15346,49622
"2026/04/25","2026/04/13","2026/03/01",L09,"유민상의 배고픈 라디오",1200,"유민상의 배고픈 라디오",,"배고픈 자들이여, 내게 오라","방구석 페스티벌, 배고픈 자들이여, 내게 오라!, 밀린 수다",14754,14875,"-0.8",22014,67672,67441,171497,170814,564,557,"1.3","3.8",1694,786,"115.5","11.5","2.0","1.7","0.3","53.6","52.9","0.7",9171,6893,"75.2","74.6","0.6","18.82","19.16","-0.3","24.96","25.35","-0.4","4.96","7.64","-2.7","8.26","6.30","2.0","1.6","1.7","-0.1","2.9","1.2","1.7",67857,68578,"-1.1",4477,5168,"-13.4","6.6",,,,,,,,"16.1","17.7","-1.6",43350,32776,"75.6","74.9","0.7","50.87","48.79","2.1","12.60","11.20","1.4","3.6","3.6","0.0","1.8","0.9","0.9",169514,,,12549,,,"7.4",,,,,,,,,,,104109,76085,"73.1",,,"69.40",,,"2.06",,,"2.2",,,"0.0",,,19883,19256,66459
"2026/04/25","2026/04/13","2026/03/01",L10,"그대의 오후 정엽입니다",1400,"그대의 오후, 정엽입니다",,,"어라운더 월드, 음악카세",14217,14510,"-2.0",20842,67560,68349,182487,181427,737,570,"29.3","5.2",1759,767,"129.3","12.4","1.9","1.6","0.3","55.4","53.9","1.5",7331,4988,"68.0","68.0","0.0","16.25","16.78","-0.5","21.26","21.92","-0.7","4.62","6.39","-1.8","7.02","8.70","-1.7","0.9","1.1","-0.2","2.4","1.1","1.3",68877,71332,"-3.4",5420,6312,"-14.1","7.9",,,,,,,,"19.9","20.3","-0.4",36692,26953,"73.5","72.1","1.4","45.76","45.68","0.1","13.45","12.94","0.5","1.8","1.9","-0.1","1.1","0.7","0.4",176544,,,15276,,,"8.7",,,,,,,,,,,95757,67379,"70.4",,,"67.06",,,"2.00",,,"1.1",,,"0.0",,,18583,17592,65476
"2026/04/25","2026/04/13","2026/03/01",L11,"인생은 오디션",1600,,,,,0,0,,10759,33937,34822,88929,87999,0,0,,,0,0,,,"0.0","0.0","0.0","49.2","48.3","0.9",0,0,,,,"0.00","0.00","0.0",0,0,"0.0","0.00","0.00","0.0",0,0,"0.0",0,0,"0.0",0,0,"0.0",34822,35371,"-1.6",1949,2105,"-7.4","5.6",,,,,,,,"13.6","14.4","-0.8",19270,12943,"67.2","66.3","0.9","40.70","41.17","-0.5","10.97","9.32","1.7","2.0","2.2","-0.2","1.1","0.5","0.6",85670,,,4871,,,"5.7",,,,,,,,,,,48940,33953,"69.4",,,"62.14",,,"1.02",,,"1.3",,,"0.0",,,7756,7703,30271
"2026/04/25","2026/04/13","2026/03/01",L12,"6시 저녁바람 김창완입니다",1800,"6시 저녁바람 김창완입니다",,,,9404,9588,"-1.9",15253,53774,53986,134566,133515,368,349,"5.4","3.9",1238,643,"92.5","13.2","1.7","1.7","0.0","44.7","43.3","1.4",5764,4190,"72.7","72.2","0.5","16.89","17.34","-0.4","22.75","23.09","-0.3","7.51","7.24","0.3","6.02","4.88","1.1","1.3","1.4","-0.1","1.4","2.6","-1.2",53733,54060,"-0.6",3498,4384,"-20.2","6.5",,,,,,,,"16.3","15.6","0.7",31546,22252,"70.5","70.0","0.5","48.21","48.30","-0.1","11.06","13.12","-2.1","2.3","2.6","-0.3","1.6","0.7","0.9",131781,,,9419,,,"7.1",,,,,,,,,,,77857,53225,"68.4",,,"68.42",,,"2.31",,,"1.5",,,"0.0",,,14709,13813,50607
"2026/04/25","2026/04/13","2026/03/01",L13,"편상욱의 뉴스직격",1700,,,,,0,0,,10596,33768,34965,85407,85322,0,0,,,0,0,,,"0.0","0.0","0.0","47.9","46.7","1.2",0,0,,,,"0.00","0.00","0.0",0,0,"0.0","0.00","0.00","0.0",0,0,"0.0",0,0,"0.0",0,0,"0.0",34965,34117,"2.5",1784,1776,"0.5","5.1",,,,,,,,"12.3","12.9","-0.6",18099,11978,"66.2","66.5","-0.3","43.47","42.25","1.2","11.60","7.98","3.6","1.5","1.6","-0.1","0.9","0.5","0.4",83895,,,4218,,,"5.0",,,,,,,,,,,44673,28587,"64.0",,,"63.80",,,"1.05",,,"0.8",,,"0.0",,,7945,7599,30382
"2026/04/25","2026/04/13","2026/03/01",L14,"김윤상의 뮤직투나잇",2000,"김윤상의 뮤직투나잇",,,"김회장과 챗비서, 시간여행자의 타임캡슐",7918,7839,"1.0",9658,37308,37401,105384,104324,398,377,"5.6","5.0",818,454,"80.2","10.3","1.6","1.8","-0.2","33.8","33.4","0.4",5064,3715,"73.4","71.5","1.9","22.57","21.87","0.7","24.74","24.17","0.6","4.88","11.85","-7.0","7.96","5.37","2.6","1.9","1.7","0.2","1.9","2.0","-0.1",37398,37905,"-1.3",2825,3925,"-28.0","7.6",,,,,,,,"18.4","18.5","-0.1",23099,16529,"71.6","70.1","1.5","41.17","40.56","0.6","6.85","9.55","-2.7","2.9","3.1","-0.2","1.0","0.5","0.5",105605,,,9923,,,"9.4",,,,,,,,,,,61803,41842,"67.7",,,"62.25",,,"2.48",,,"1.7",,,"0.1",,,9939,9666,36121
"2026/04/25","2026/04/13","2026/03/01",L15,"음악이 흐르는 밤 박은경입니다",2200,"음악이 흐르는 밤, 박은경입니다",,,"잊지 못할 시네마",7011,7385,"-5.1",8227,29497,30184,83236,82916,276,353,"-21.8","3.9",830,445,"86.5","11.8","2.1","2.3","-0.2","24.8","25.5","-0.7",4856,3808,"78.4","79.1","-0.7","29.20","28.82","0.4","28.19","29.13","-0.9","8.56","12.84","-4.3","8.78","7.74","1.0","2.5","2.1","0.4","3.7","3.4","0.3",30371,30955,"-1.9",2504,2932,"-14.6","8.2",,,,,,,,"19.2","20.4","-1.2",20224,15314,"75.7","74.7","1.0","43.17","42.97","0.2","10.23","12.83","-2.6","3.4","3.8","-0.4","1.9","1.2","0.7",81588,,,7702,,,"9.4",,,,,,,,,,,49574,36097,"72.8",,,"62.80",,,"2.26",,,"2.3",,,"0.1",,,8746,8970,29692
"2026/04/25","2026/04/13","2026/03/01",M05,"김선재의 책하고놀자",0600,"김선재의 책하고 놀자","박태근, 이다혜",,,8039,8199,"-2.0",0,5862,5693,32523,31557,127,213,"-40.4","1.6",382,0,,"4.8","4.4",0,"4.4",,,,5014,3679,"73.4","72.7","0.7",0,0,"0.0","33.94","34.22","-0.3",0,0,"0.0","7.98","11.16","-3.2","0.7","0.7","0.0","0.0","0.0","0.0",8199,7980,"2.7",322,402,"-19.9","3.9",,,,,,,,"8.1","7.2","0.9",5218,3796,"72.7","72.7","0.0","34.22","35.19","-1.0","3.48","6.96","-3.5","1.1","1.0","0.1","0.0","0.0","0.0",28566,,,705,,,"2.5",,,,,,,,,,,17770,12460,"70.1",,,"59.43",,,"1.00",,,"0.5",,,"0.0",,,2009,1758,9224
"2026/04/25","2026/04/13","2026/03/01",M07,"최영주의 러브FM",0900,,,,,19035,19058,"-0.1",0,16051,16142,85321,84713,495,521,"-5.0","2.6",1360,0,,"7.1","6.0",0,"6.0",,,,11505,8532,"74.2","72.0","2.2",0,0,"0.0","30.24","29.75","0.5",0,0,"0.0","10.17","12.71","-2.5","1.2","1.8","-0.6","0.0","0.0","0.0",19058,19225,"-0.9",975,1439,"-32.2","5.1",,,,,,,,"11.9","12.6","-0.7",11981,8628,"72.0","71.2","0.8","29.75","30.30","-0.6","4.17","11.43","-7.3","2.8","3.2","-0.4","0.0","0.0","0.0",81646,,,2952,,,"3.6",,,,,,,,,,,49914,36427,"73.0",,,"60.28",,,"1.65",,,"1.4",,,"0.0",,,5016,4969,25948
"2026/04/25","2026/04/13","2026/03/01",M10,"DJ래피의 드라이브 뮤직",0700,"DJ래피의 드라이브 뮤직",,,,18918,18508,"2.2",0,14138,13613,74116,73008,398,471,"-15.5","2.1",1477,0,,"7.8","7.6",0,"7.6",,,,10770,8222,"76.3","75.8","0.5",0,0,"0.0","34.70","34.00","0.7",0,0,"0.0","6.58","12.42","-5.8","1.9","1.7","0.2","0.0","0.0","0.0",18508,18620,"-0.6",789,1156,"-31.7","4.3",,,,,,,,"10.3","10.5","-0.2",10804,8188,"75.8","75.6","0.2","34.00","35.16","-1.2","3.20","11.16","-8.0","2.7","2.7","0.0","0.0","0.0","0.0",68681,,,2299,,,"3.3",,,,,,,,,,,37715,27154,"72.0",,,"61.56",,,"2.71",,,"1.5",,,"0.0",,,4664,4381,22893
"2026/04/25","2026/04/13","2026/03/01",M11,"DJ래피의 드라이브 뮤직",1600,"DJ래피의 드라이브 뮤직",,,,10913,11201,"-2.6",0,10386,10345,61382,61327,375,427,"-12.2","3.4",633,0,,"5.8","3.9",0,"3.9",,,,5744,3976,"69.2","68.3","0.9",0,0,"0.0","20.69","20.28","0.4",0,0,"0.0","6.09","5.70","0.4","2.1","2.0","0.1","0.0","0.0","0.0",11201,11478,"-2.4",832,1154,"-27.9","7.4",,,,,,,,"14.5","14.1","0.4",6309,4309,"68.3","68.8","-0.5","20.28","21.09","-0.8","2.34","7.32","-5.0","3.3","3.7","-0.4","0.0","0.0","0.0",59731,,,2767,,,"4.6",,,,,,,,,,,32572,22010,"67.6",,,"49.30",,,"0.65",,,"1.4",,,"0.0",,,3084,3058,16395
"2026/04/25","2026/04/13","2026/03/01",P00,,,,,,,5046,5089,"-0.8",8475,28197,29018,84310,84929,201,247,"-18.6","4.0",649,333,"94.9","12.9","1.6","1.6","0.0","51.2","50.4","0.8",2360,1769,"75.0","77.2","-2.2","17.24","16.99","0.3","23.31","22.92","0.4","7.55","7.48","0.1","6.07","7.28","-1.2","1.0","1.0","0.0","0.0","0.0","0.0",29309,29801,"-1.7",2428,3017,"-19.5","8.3",,,,,,,,"17.8","18.0","-0.2",12636,9241,"73.1","73.4","-0.3","39.17","38.35","0.8","9.94","10.57","-0.6","1.2","1.3","-0.1","1.1","0.7","0.4",84878,,,7870,,,"9.3",,,,,,,,,,,34493,23643,"68.5",,,"57.24",,,"1.95",,,"0.6",,,"0.0",,,7616,7463,28253
"2026/04/25","2026/04/13","2026/03/01",T00,,,,,,,115903,116704,"-0.7",186119,354123,356218,640885,635782,5796,5592,"3.6","5.0",28782,19027,"51.3","24.8","8.6","8.8","-0.2","60.3","59.6","0.7",100921,89930,"89.1","89.1","0.0","39.37","40.06","-0.7","51.65","52.27","-0.6","11.47","16.62","-5.1","15.29","18.44","-3.2","2.5","2.5","0.0","5.1","3.9","1.2",356090,355675,"0.1",47317,48431,"-2.3","13.3",,,,,,,,"27.9","28.8","-0.9",318069,289091,"90.9","90.6","0.3","72.05","71.23","0.8","26.17","25.26","0.9","5.4","5.5","-0.1","6.0","5.5","0.5",642740,,,127759,,,"19.9",,,,,,,,,,,547853,484155,"88.4",,,"81.68",,,"5.54",,,"5.0",,,"0.4",,,168195,165441,352856
